GPGGA Base Position,,,,,,,,,,,,,,,GPGGA End Position,,,,,,,,,,,,,,,Base Latitude,Base Longitude,End Latitude,End Longitude,Node Count, Extra Tether Length,Node Address,X,Y,Z,Unscaled Pressure,Depth,Node Address,X,Y,Z,Unscaled Pressure,Depth,Node Address,X,Y,Z,Unscaled Pressure,Depth,Node Address,X,Y,Z,Unscaled Pressure,Depth,Node Address,X,Y,Z,Unscaled Pressure,Depth,,Time
$GPGGA,150557.905,3554.7411,N,01430.4255,E,1,5,1,0, M,0, M,0,*7D,$GPGGA,150557.907,3554.7411,N,01430.4255,E,1,5,1,1.682496, M,0, M,0,*57,35.9123516666667,14.5070916666667,35.9123516667,14.5070916667,1,0.00,,3/28/2013 4:05:57 PM
$GPGGA,150558.917,3554.7411,N,01430.4255,E,1,5,1,0, M,0, M,0,*71,$GPGGA,150558.917,3554.7411,N,01430.4255,E,1,5,1,1.682496, M,0, M,0,*59,35.9123516666667,14.5070916666667,35.9123516667,14.5070916667,1,0.00,,3/28/2013 4:05:58 PM
$GPGGA,150559.931,3554.7411,N,01430.4255,E,1,5,1,0, M,0, M,0,*74,$GPGGA,150559.931,3554.7411,N,01430.4255,E,1,5,1,1.68625157142857, M,0, M,0,*5A,35.9123516666667,14.5070916666667,35.9123516667,14.5070916667,1,0.00,,3/28/2013 4:05:59 PM
$GPGGA,150600.945,3554.7411,N,01430.4255,E,1,5,1,0, M,0, M,0,*78,$GPGGA,150600.945,3554.7411,N,01430.4255,E,1,5,1,1.70221275, M,0, M,0,*51,35.9123516666667,14.5070916666667,35.9123516667,14.5070916667,1,0.00,,3/28/2013 4:06:00 PM
$GPGGA,150601.959,3554.7411,N,01430.4255,E,1,5,1,0, M,0, M,0,*74,$GPGGA,150601.959,3554.7411,N,01430.4255,E,1,5,1,1.68917257142857, M,0, M,0,*57,35.9123516666667,14.5070916666667,35.9123516667,14.5070916667,1,0.00,,3/28/2013 4:06:01 PM
$GPGGA,150602.973,3554.7411,N,01430.4255,E,1,5,1,0, M,0, M,0,*7F,$GPGGA,150602.973,3554.7411,N,01430.4255,E,1,5,1,1.705864, M,0, M,0,*58,35.9123516666667,14.5070916666667,35.9123516667,14.5070916667,1,0.00,,3/28/2013 4:06:02 PM
$GPGGA,150603.987,3554.7411,N,01430.4255,E,1,5,1,0, M,0, M,0,*75,$GPGGA,150603.987,3554.7411,N,01430.4255,E,1,5,1,1.68583428571428, M,0, M,0,*59,35.9123516666667,14.5070916666667,35.9123516667,14.5070916667,1,0.00,,3/28/2013 4:06:03 PM
$GPGGA,150605.001,3554.7411,N,01430.4255,E,1,5,1,0, M,0, M,0,*74,$GPGGA,150605.001,3554.7411,N,01430.4255,E,1,5,1,1.70920228571429, M,0, M,0,*53,35.9123516666667,14.5070916666667,35.9123516667,14.5070916667,1,0.00,,3/28/2013 4:06:05 PM
$GPGGA,150606.015,3554.7411,N,01430.4255,E,1,5,1,0, M,0, M,0,*72,$GPGGA,150606.015,3554.7411,N,01430.4255,E,1,5,1,1.682496, M,0, M,0,*5A,35.9123516666667,14.5070916666667,35.9123516667,14.5070916667,1,0.00,,3/28/2013 4:06:06 PM
$GPGGA,150607.029,3554.7411,N,01430.4255,E,1,5,1,0, M,0, M,0,*7C,$GPGGA,150607.029,3554.7411,N,01430.4255,E,1,5,1,1.69318983050847, M,0, M,0,*5A,35.9123516666667,14.5070916666667,35.9123516667,14.5070916667,1,0.00,,3/28/2013 4:06:07 PM
$GPGGA,150608.043,3554.7411,N,01430.4255,E,1,5,1,0, M,0, M,0,*7F,$GPGGA,150608.043,3554.7411,N,01430.4255,E,1,5,1,1.69267238709677, M,0, M,0,*5D,35.9123516666667,14.5070916666667,35.9123516667,14.5070916667,1,0.00,,3/28/2013 4:06:08 PM
$GPGGA,150609.058,3554.7411,N,01430.4255,E,1,5,1,0, M,0, M,0,*74,$GPGGA,150609.058,3554.7411,N,01430.4255,E,1,5,1,1.682496, M,0, M,0,*5C,35.9123516666667,14.5070916666667,35.9123516667,14.5070916667,1,0.00,,3/28/2013 4:06:09 PM
$GPGGA,150610.072,3554.7411,N,01430.4255,E,1,5,1,0, M,0, M,0,*74,$GPGGA,150610.072,3554.7411,N,01430.4255,E,1,5,1,1.69251085714286, M,0, M,0,*51,35.9123516666667,14.5070916666667,35.9123516667,14.5070916667,1,0.00,,3/28/2013 4:06:10 PM
$GPGGA,150611.086,3554.7411,N,01430.4255,E,1,5,1,0, M,0, M,0,*7E,$GPGGA,150611.086,3554.7411,N,01430.4255,E,1,5,1,1.68573156923077, M,0, M,0,*54,35.9123516666667,14.5070916666667,35.9123516667,14.5070916667,1,0.00,,3/28/2013 4:06:11 PM
$GPGGA,150612.100,3554.7411,N,01430.4255,E,1,5,1,0, M,0, M,0,*72,$GPGGA,150612.100,3554.7411,N,01430.4255,E,1,5,1,1.682496, M,0, M,0,*5A,35.9123516666667,14.5070916666667,35.9123516667,14.5070916667,1,0.00,,3/28/2013 4:06:12 PM
$GPGGA,150613.114,3554.7411,N,01430.4255,E,1,5,1,0, M,0, M,0,*76,$GPGGA,150613.114,3554.7411,N,01430.4255,E,1,5,1,1.69606451612903, M,0, M,0,*59,35.9123516666667,14.5070916666667,35.9123516667,14.5070916667,1,0.00,,3/28/2013 4:06:13 PM
$GPGGA,150614.128,3554.7411,N,01430.4255,E,1,5,1,0, M,0, M,0,*7E,$GPGGA,150614.128,3554.7411,N,01430.4255,E,1,5,1,1.66892748387097, M,0, M,0,*5B,35.9123516666667,14.5070916666667,35.9123516667,14.5070916667,1,0.00,,3/28/2013 4:06:14 PM
$GPGGA,150615.141,3554.7411,N,01430.4255,E,1,5,1,0, M,0, M,0,*70,$GPGGA,150615.141,3554.7411,N,01430.4255,E,1,5,1,1.49221371428571, M,0, M,0,*5B,35.9123516666667,14.5070916666667,35.9123516667,14.5070916667,1,0.00,,3/28/2013 4:06:15 PM
$GPGGA,150616.155,3554.7411,N,01430.4255,E,1,5,1,0, M,0, M,0,*76,$GPGGA,150616.155,3554.7411,N,01430.4255,E,1,5,1,1.44504696774193, M,0, M,0,*5E,35.9123516666667,14.5070916666667,35.9123516667,14.5070916667,1,0.00,,3/28/2013 4:06:16 PM
$GPGGA,150617.169,3554.7411,N,01430.4255,E,1,5,1,0, M,0, M,0,*78,$GPGGA,150617.169,3554.7411,N,01430.4255,E,1,5,1,1.26854857142857, M,0, M,0,*5D,35.9123516666667,14.5070916666667,35.9123516667,14.5070916667,1,0.00,,3/28/2013 4:06:17 PM
$GPGGA,150618.183,3554.7411,N,01430.4255,E,1,5,1,0, M,0, M,0,*73,$GPGGA,150618.183,3554.7411,N,01430.4255,E,1,5,1,1.25185714285714, M,0, M,0,*58,35.9123516666667,14.5070916666667,35.9123516667,14.5070916667,1,0.00,,3/28/2013 4:06:18 PM
$GPGGA,150619.197,3554.7411,N,01430.4255,E,1,5,1,0, M,0, M,0,*77,$GPGGA,150619.197,3554.7411,N,01430.4255,E,1,5,1,1.33865257142857, M,0, M,0,*5E,35.9123516666667,14.5070916666667,35.9123516667,14.5070916667,1,0.00,,3/28/2013 4:06:19 PM
$GPGGA,150620.211,3554.7411,N,01430.4255,E,1,5,1,0, M,0, M,0,*70,$GPGGA,150620.211,3554.7411,N,01430.4255,E,1,5,1,1.472184, M,0, M,0,*53,35.9123516666667,14.5070916666667,35.9123516667,14.5070916667,1,0.00,,3/28/2013 4:06:20 PM
$GPGGA,150621.225,3554.7411,N,01430.4255,E,1,5,1,0, M,0, M,0,*76,$GPGGA,150621.225,3554.7411,N,01430.4255,E,1,5,1,1.64518258064516, M,0, M,0,*58,35.9123516666667,14.5070916666667,35.9123516667,14.5070916667,1,0.00,,3/28/2013 4:06:21 PM
$GPGGA,150622.239,3554.7411,N,01430.4255,E,1,5,1,0, M,0, M,0,*78,$GPGGA,150622.239,3554.7414,N,01430.4246,E,1,5,1,1.61608168421053, M,0, M,0,*57,35.9123516666667,14.5070916666667,35.912356254,14.5070759011,2,0.00,,3/28/2013 4:06:22 PM
$GPGGA,150623.253,3554.7411,N,01430.4255,E,1,5,1,0, M,0, M,0,*75,$GPGGA,150623.253,3554.7413,N,01430.4245,E,1,5,1,1.48575251612903, M,0, M,0,*5B,35.9123516666667,14.5070916666667,35.9123544303,14.5070752952,2,0.00,,3/28/2013 4:06:23 PM
$GPGGA,150624.267,3554.7411,N,01430.4255,E,1,5,1,0, M,0, M,0,*75,$GPGGA,150624.267,3554.7412,N,01430.4245,E,1,5,1,1.67592375, M,0, M,0,*56,35.9123516666667,14.5070916666667,35.9123541448,14.5070751346,2,0.00,,3/28/2013 4:06:24 PM
$GPGGA,150625.281,3554.7411,N,01430.4255,E,1,5,1,0, M,0, M,0,*7C,$GPGGA,150625.281,3554.7413,N,01430.4245,E,1,5,1,1.551051, M,0, M,0,*55,35.9123516666667,14.5070916666667,35.9123547808,14.5070753285,2,0.00,,3/28/2013 4:06:25 PM
$GPGGA,150626.295,3554.7411,N,01430.4255,E,1,5,1,0, M,0, M,0,*7A,$GPGGA,150626.295,3554.7413,N,01430.4246,E,1,5,1,1.3275945, M,0, M,0,*6E,35.9123516666667,14.5070916666667,35.9123558004,14.5070759574,2,0.00,,3/28/2013 4:06:26 PM
$GPGGA,150627.310,3554.7411,N,01430.4255,E,1,5,1,0, M,0, M,0,*77,$GPGGA,150627.310,3554.7417,N,01430.4206,E,1,5,1,1.28900903225806, M,0, M,0,*5A,35.9123516666667,14.5070916666667,35.912361588,14.5070101142,3,0.00,,3/28/2013 4:06:27 PM
$GPGGA,150628.324,3554.7411,N,01430.4255,E,1,5,1,0, M,0, M,0,*7F,$GPGGA,150628.324,3554.7417,N,01430.4206,E,1,5,1,1.48219885714286, M,0, M,0,*5D,35.9123516666667,14.5070916666667,35.9123610757,14.5070094593,3,0.00,,3/28/2013 4:06:28 PM
$GPGGA,150629.338,3554.7411,N,01430.4255,E,1,5,1,0, M,0, M,0,*73,$GPGGA,150629.338,3554.7417,N,01430.4205,E,1,5,1,1.52954181818182, M,0, M,0,*52,35.9123516666667,14.5070916666667,35.9123617397,14.5070089264,3,0.00,,3/28/2013 4:06:29 PM
$GPGGA,150630.352,3554.7411,N,01430.4255,E,1,5,1,0, M,0, M,0,*77,$GPGGA,150630.352,3554.7416,N,01430.4206,E,1,5,1,1.472184, M,0, M,0,*55,35.9123516666667,14.5070916666667,35.9123599888,14.5070091756,3,0.00,,3/28/2013 4:06:30 PM
$GPGGA,150631.366,3554.7411,N,01430.4255,E,1,5,1,0, M,0, M,0,*71,$GPGGA,150631.366,3554.7414,N,01430.4206,E,1,5,1,1.50086290909091, M,0, M,0,*55,35.9123516666667,14.5070916666667,35.9123567358,14.5070093277,3,0.00,,3/28/2013 4:06:31 PM
$GPGGA,150632.380,3554.7411,N,01430.4255,E,1,5,1,0, M,0, M,0,*7A,$GPGGA,150632.380,3554.7417,N,01430.4205,E,1,5,1,1.53227314285714, M,0, M,0,*5C,35.9123516666667,14.5070916666667,35.9123609392,14.5070086637,3,0.00,,3/28/2013 4:06:32 PM
$GPGGA,150633.394,3554.7411,N,01430.4255,E,1,5,1,0, M,0, M,0,*7E,$GPGGA,150633.394,3554.7415,N,01430.4205,E,1,5,1,1.542288, M,0, M,0,*51,35.9123516666667,14.5070916666667,35.9123581292,14.5070081484,3,0.00,,3/28/2013 4:06:33 PM
$GPGGA,150634.407,3554.7411,N,01430.4255,E,1,5,1,0, M,0, M,0,*74,$GPGGA,150634.407,3554.7415,N,01430.4205,E,1,5,1,1.45215428571429, M,0, M,0,*5F,35.9123516666667,14.5070916666667,35.9123587786,14.5070080446,3,0.00,,3/28/2013 4:06:34 PM
$GPGGA,150635.421,3554.7411,N,01430.4255,E,1,5,1,0, M,0, M,0,*71,$GPGGA,150635.421,3554.7412,N,01430.4205,E,1,5,1,1.38205028571429, M,0, M,0,*52,35.9123516666667,14.5070916666667,35.9123541546,14.507008028,3,0.00,,3/28/2013 4:06:35 PM
$GPGGA,150636.435,3554.7411,N,01430.4255,E,1,5,1,0, M,0, M,0,*77,$GPGGA,150636.435,3554.7427,N,01430.4160,E,1,5,1,1.367028, M,0, M,0,*50,35.9123516666667,14.5070916666667,35.9123784656,14.5069329338,4,0.00,,3/28/2013 4:06:36 PM
$GPGGA,150637.449,3554.7411,N,01430.4255,E,1,5,1,0, M,0, M,0,*7D,$GPGGA,150637.449,3554.7427,N,01430.4158,E,1,5,1,1.472184, M,0, M,0,*55,35.9123516666667,14.5070916666667,35.9123786479,14.5069295516,4,0.00,,3/28/2013 4:06:37 PM
$GPGGA,150638.463,3554.7411,N,01430.4255,E,1,5,1,0, M,0, M,0,*7A,$GPGGA,150638.463,3554.7423,N,01430.4158,E,1,5,1,1.5379065, M,0, M,0,*61,35.9123516666667,14.5070916666667,35.9123717682,14.5069300755,4,0.00,,3/28/2013 4:06:38 PM
$GPGGA,150639.477,3554.7411,N,01430.4255,E,1,5,1,0, M,0, M,0,*7E,$GPGGA,150639.477,3554.7429,N,01430.4154,E,1,5,1,1.445895, M,0, M,0,*59,35.9123516666667,14.5070916666667,35.9123812809,14.5069234845,4,1.00,,3/28/2013 4:06:39 PM
$GPGGA,150640.491,3554.7411,N,01430.4255,E,1,5,1,0, M,0, M,0,*78,$GPGGA,150640.491,3554.7435,N,01430.4151,E,1,5,1,1.1698605, M,0, M,0,*63,35.9123516666667,14.5070916666667,35.9123908417,14.5069176292,4,2.00,,3/28/2013 4:06:40 PM
$GPGGA,150641.505,3554.7411,N,01430.4255,E,1,5,1,0, M,0, M,0,*75,$GPGGA,150641.505,3554.7426,N,01430.4145,E,1,5,1,1.0647045, M,0, M,0,*68,35.9123516666667,14.5070916666667,35.9123758696,14.506907912,4,2.00,,3/28/2013 4:06:41 PM
$GPGGA,150642.519,3554.7411,N,01430.4255,E,1,5,1,0, M,0, M,0,*7B,$GPGGA,150642.519,3554.7421,N,01430.4145,E,1,5,1,1.235583, M,0, M,0,*5F,35.9123516666667,14.5070916666667,35.9123675734,14.5069075306,4,2.00,,3/28/2013 4:06:42 PM
$GPGGA,150643.533,3554.7411,N,01430.4255,E,1,5,1,0, M,0, M,0,*72,$GPGGA,150643.533,3554.7423,N,01430.4139,E,1,5,1,1.261872, M,0, M,0,*5D,35.9123516666667,14.5070916666667,35.9123724132,14.5068987812,4,3.00,,3/28/2013 4:06:43 PM
$GPGGA,150644.548,3554.7411,N,01430.4255,E,1,5,1,0, M,0, M,0,*79,$GPGGA,150644.548,3554.7424,N,01430.4139,E,1,5,1,1.261872, M,0, M,0,*51,35.9123516666667,14.5070916666667,35.9123736751,14.5068990307,4,3.00,,3/28/2013 4:06:44 PM
$GPGGA,150645.562,3554.7411,N,01430.4255,E,1,5,1,0, M,0, M,0,*70,$GPGGA,150645.562,3554.7430,N,01430.4137,E,1,5,1,1.1172825, M,0, M,0,*61,35.9123516666667,14.5070916666667,35.9123839254,14.5068944698,4,4.00,,3/28/2013 4:06:45 PM
$GPGGA,150646.576,3554.7411,N,01430.4255,E,1,5,1,0, M,0, M,0,*76,$GPGGA,150646.576,3554.7428,N,01430.4136,E,1,5,1,1.288161, M,0, M,0,*51,35.9123516666667,14.5070916666667,35.9123807775,14.5068931182,4,4.00,,3/28/2013 4:06:46 PM
$GPGGA,150647.590,3554.7411,N,01430.4255,E,1,5,1,0, M,0, M,0,*7F,$GPGGA,150647.590,3554.7426,N,01430.4130,E,1,5,1,1.445895, M,0, M,0,*55,35.9123516666667,14.5070916666667,35.9123768672,14.5068841599,4,5.00,,3/28/2013 4:06:47 PM
$GPGGA,150648.604,3554.7411,N,01430.4255,E,1,5,1,0, M,0, M,0,*7E,$GPGGA,150648.604,3554.7434,N,01430.4133,E,1,5,1,1.288161, M,0, M,0,*51,35.9123516666667,14.5070916666667,35.9123906759,14.5068883709,4,5.00,,3/28/2013 4:06:48 PM
$GPGGA,150649.618,3554.7411,N,01430.4255,E,1,5,1,0, M,0, M,0,*72,$GPGGA,150649.618,3554.7425,N,01430.4128,E,1,5,1,1.3538835, M,0, M,0,*60,35.9123516666667,14.5070916666667,35.9123752254,14.5068802327,4,5.00,,3/28/2013 4:06:49 PM
$GPGGA,150650.632,3554.7411,N,01430.4255,E,1,5,1,0, M,0, M,0,*72,$GPGGA,150650.632,3554.7417,N,01430.4125,E,1,5,1,1.3801725, M,0, M,0,*65,35.9123516666667,14.5070916666667,35.9123619196,14.5068754271,4,5.00,,3/28/2013 4:06:50 PM
$GPGGA,150651.646,3554.7411,N,01430.4255,E,1,5,1,0, M,0, M,0,*70,$GPGGA,150651.646,3554.7435,N,01430.4130,E,1,5,1,1.1435715, M,0, M,0,*69,35.9123516666667,14.5070916666667,35.9123912735,14.5068827824,4,5.00,,3/28/2013 4:06:51 PM
$GPGGA,150652.660,3554.7411,N,01430.4255,E,1,5,1,0, M,0, M,0,*77,$GPGGA,150652.660,3554.7429,N,01430.4128,E,1,5,1,0.946403999999999, M,0, M,0,*6E,35.9123516666667,14.5070916666667,35.9123811856,14.506880069,4,5.00,,3/28/2013 4:06:52 PM
$GPGGA,150653.674,3554.7411,N,01430.4255,E,1,5,1,0, M,0, M,0,*73,$GPGGA,150653.674,3554.7426,N,01430.4126,E,1,5,1,1.0375392, M,0, M,0,*66,35.9123516666667,14.5070916666667,35.9123772965,14.5068774112,4,5.00,,3/28/2013 4:06:53 PM
$GPGGA,150654.687,3554.7411,N,01430.4255,E,1,5,1,0, M,0, M,0,*78,$GPGGA,150654.687,3554.7428,N,01430.4129,E,1,5,1,1.121664, M,0, M,0,*53,35.9123516666667,14.5070916666667,35.9123794522,14.506881788,4,5.00,,3/28/2013 4:06:54 PM
$GPGGA,150655.701,3554.7411,N,01430.4255,E,1,5,1,0, M,0, M,0,*76,$GPGGA,150655.701,3554.7430,N,01430.4109,E,1,5,1,1.261872, M,0, M,0,*58,35.9123516666667,14.5070916666667,35.9123834265,14.5068483494,5,0.00,,3/28/2013 4:06:55 PM
$GPGGA,150656.715,3554.7411,N,01430.4255,E,1,5,1,0, M,0, M,0,*70,$GPGGA,150656.715,3554.7421,N,01430.4107,E,1,5,1,1.384554, M,0, M,0,*53,35.9123516666667,14.5070916666667,35.9123680127,14.5068444237,5,0.00,,3/28/2013 4:06:56 PM
$GPGGA,150657.729,3554.7411,N,01430.4255,E,1,5,1,0, M,0, M,0,*7E,$GPGGA,150657.729,3554.7434,N,01430.4107,E,1,5,1,1.50453969230769, M,0, M,0,*5A,35.9123516666667,14.5070916666667,35.91238998,14.5068453382,5,0.00,,3/28/2013 4:06:57 PM
$GPGGA,150658.743,3554.7411,N,01430.4255,E,1,5,1,0, M,0, M,0,*7D,$GPGGA,150658.743,3554.7426,N,01430.4099,E,1,5,1,1.50453969230769, M,0, M,0,*5C,35.9123516666667,14.5070916666667,35.9123771531,14.5068319468,5,1.00,,3/28/2013 4:06:58 PM
$GPGGA,150659.757,3554.7411,N,01430.4255,E,1,5,1,0, M,0, M,0,*79,$GPGGA,150659.757,3554.7438,N,01430.4101,E,1,5,1,1.40747261538461, M,0, M,0,*57,35.9123516666667,14.5070916666667,35.9123973492,14.5068356812,5,1.00,,3/28/2013 4:06:59 PM
$GPGGA,150700.771,3554.7411,N,01430.4255,E,1,5,1,0, M,0, M,0,*70,$GPGGA,150700.771,3554.7430,N,01430.4093,E,1,5,1,1.27804984615384, M,0, M,0,*55,35.9123516666667,14.5070916666667,35.9123837323,14.506822003,5,2.00,,3/28/2013 4:07:00 PM
$GPGGA,150701.786,3554.7411,N,01430.4255,E,1,5,1,0, M,0, M,0,*79,$GPGGA,150701.786,3554.7427,N,01430.4095,E,1,5,1,1.261872, M,0, M,0,*55,35.9123516666667,14.5070916666667,35.9123786131,14.5068249701,5,2.00,,3/28/2013 4:07:01 PM
$GPGGA,150702.800,3554.7411,N,01430.4255,E,1,5,1,0, M,0, M,0,*7B,$GPGGA,150702.800,3554.7423,N,01430.4090,E,1,5,1,1.31040553846154, M,0, M,0,*51,35.9123516666667,14.5070916666667,35.9123709016,14.506816483,5,3.00,,3/28/2013 4:07:02 PM
$GPGGA,150703.814,3554.7411,N,01430.4255,E,1,5,1,0, M,0, M,0,*7F,$GPGGA,150703.814,3554.7418,N,01430.4089,E,1,5,1,1.31040553846154, M,0, M,0,*55,35.9123516666667,14.5070916666667,35.9123639273,14.5068155979,5,3.00,,3/28/2013 4:07:03 PM
$GPGGA,150704.828,3554.7411,N,01430.4255,E,1,5,1,0, M,0, M,0,*77,$GPGGA,150704.828,3554.7421,N,01430.4090,E,1,5,1,1.261872, M,0, M,0,*58,35.9123516666667,14.5070916666667,35.9123676212,14.5068167188,5,3.00,,3/28/2013 4:07:04 PM
$GPGGA,150705.843,3554.7411,N,01430.4255,E,1,5,1,0, M,0, M,0,*7B,$GPGGA,150705.843,3554.7417,N,01430.4083,E,1,5,1,1.35893907692308, M,0, M,0,*57,35.9123516666667,14.5070916666667,35.9123615526,14.5068058097,5,4.00,,3/28/2013 4:07:05 PM
$GPGGA,150706.857,3554.7411,N,01430.4255,E,1,5,1,0, M,0, M,0,*7D,$GPGGA,150706.857,3554.7425,N,01430.4084,E,1,5,1,1.22951630769231, M,0, M,0,*5B,35.9123516666667,14.5070916666667,35.9123755949,14.5068070878,5,4.00,,3/28/2013 4:07:06 PM
$GPGGA,150707.870,3554.7411,N,01430.4255,E,1,5,1,0, M,0, M,0,*79,$GPGGA,150707.870,3554.7434,N,01430.4086,E,1,5,1,1.261872, M,0, M,0,*55,35.9123516666667,14.5070916666667,35.9123903877,14.506810353,5,4.00,,3/28/2013 4:07:07 PM
$GPGGA,150708.884,3554.7411,N,01430.4255,E,1,5,1,0, M,0, M,0,*7D,$GPGGA,150708.884,3554.7436,N,01430.4087,E,1,5,1,1.24569415384615, M,0, M,0,*5B,35.9123516666667,14.5070916666667,35.9123929844,14.5068124993,5,4.00,,3/28/2013 4:07:08 PM
$GPGGA,150709.898,3554.7411,N,01430.4255,E,1,5,1,0, M,0, M,0,*71,$GPGGA,150709.898,3554.7428,N,01430.4088,E,1,5,1,1.22951630769231, M,0, M,0,*56,35.9123516666667,14.5070916666667,35.9123802076,14.5068130245,5,4.00,,3/28/2013 4:07:09 PM
$GPGGA,150710.912,3554.7411,N,01430.4255,E,1,5,1,0, M,0, M,0,*7A,$GPGGA,150710.912,3554.7421,N,01430.4089,E,1,5,1,1.261872, M,0, M,0,*5D,35.9123516666667,14.5070916666667,35.9123675364,14.5068153171,5,4.00,,3/28/2013 4:07:10 PM
$GPGGA,150711.926,3554.7411,N,01430.4255,E,1,5,1,0, M,0, M,0,*7C,$GPGGA,150711.926,3554.7419,N,01430.4090,E,1,5,1,1.05156, M,0, M,0,*67,35.9123516666667,14.5070916666667,35.9123658306,14.5068160077,5,4.00,,3/28/2013 4:07:11 PM
$GPGGA,150712.940,3554.7411,N,01430.4255,E,1,5,1,0, M,0, M,0,*7F,$GPGGA,150712.940,3554.7418,N,01430.4088,E,1,5,1,1.06773784615385, M,0, M,0,*59,35.9123516666667,14.5070916666667,35.9123640108,14.5068139536,5,4.00,,3/28/2013 4:07:12 PM
$GPGGA,150713.953,3554.7411,N,01430.4255,E,1,5,1,0, M,0, M,0,*7C,$GPGGA,150713.953,3554.7422,N,01430.4088,E,1,5,1,1.08391569230769, M,0, M,0,*51,35.9123516666667,14.5070916666667,35.9123698084,14.5068129888,5,4.00,,3/28/2013 4:07:13 PM
$GPGGA,150714.968,3554.7411,N,01430.4255,E,1,5,1,0, M,0, M,0,*73,$GPGGA,150714.968,3554.7425,N,01430.4088,E,1,5,1,1.08391569230769, M,0, M,0,*59,35.9123516666667,14.5070916666667,35.9123757304,14.5068134071,5,4.00,,3/28/2013 4:07:14 PM
$GPGGA,150715.982,3554.7411,N,01430.4255,E,1,5,1,0, M,0, M,0,*76,$GPGGA,150715.982,3554.7420,N,01430.4089,E,1,5,1,1.06773784615385, M,0, M,0,*5A,35.9123516666667,14.5070916666667,35.9123667425,14.5068155583,5,4.00,,3/28/2013 4:07:15 PM
$GPGGA,150716.995,3554.7411,N,01430.4255,E,1,5,1,0, M,0, M,0,*73,$GPGGA,150716.995,3554.7419,N,01430.4089,E,1,5,1,1.24569415384615, M,0, M,0,*56,35.9123516666667,14.5070916666667,35.9123653511,14.5068153239,5,4.00,,3/28/2013 4:07:16 PM
$GPGGA,150718.010,3554.7411,N,01430.4255,E,1,5,1,0, M,0, M,0,*79,$GPGGA,150718.010,3554.7416,N,01430.4091,E,1,5,1,1.19716061538462, M,0, M,0,*5A,35.9123516666667,14.5070916666667,35.9123598228,14.5068176991,5,4.00,,3/28/2013 4:07:18 PM
$GPGGA,150719.025,3554.7411,N,01430.4255,E,1,5,1,0, M,0, M,0,*7E,$GPGGA,150719.025,3554.7416,N,01430.4091,E,1,5,1,1.14862707692308, M,0, M,0,*53,35.9123516666667,14.5070916666667,35.9123592971,14.506818842,5,4.00,,3/28/2013 4:07:19 PM
$GPGGA,150720.038,3554.7411,N,01430.4255,E,1,5,1,0, M,0, M,0,*78,$GPGGA,150720.038,3554.7411,N,01430.4090,E,1,5,1,1.24569415384615, M,0, M,0,*5D,35.9123516666667,14.5070916666667,35.9123524822,14.506817234,5,4.00,,3/28/2013 4:07:20 PM
$GPGGA,150721.053,3554.7411,N,01430.4255,E,1,5,1,0, M,0, M,0,*74,$GPGGA,150721.053,3554.7413,N,01430.4088,E,1,5,1,1.13244923076923, M,0, M,0,*5A,35.9123516666667,14.5070916666667,35.9123557661,14.506813526,5,4.00,,3/28/2013 4:07:21 PM
$GPGGA,150722.066,3554.7411,N,01430.4255,E,1,5,1,0, M,0, M,0,*71,$GPGGA,150722.066,3554.7416,N,01430.4088,E,1,5,1,1.06773784615385, M,0, M,0,*59,35.9123516666667,14.5070916666667,35.9123604659,14.5068127538,5,4.00,,3/28/2013 4:07:22 PM
$GPGGA,150723.080,3554.7411,N,01430.4255,E,1,5,1,0, M,0, M,0,*78,$GPGGA,150723.080,3554.7415,N,01430.4088,E,1,5,1,1.05156, M,0, M,0,*66,35.9123516666667,14.5070916666667,35.9123582561,14.5068133402,5,4.00,,3/28/2013 4:07:23 PM
$GPGGA,150724.094,3554.7411,N,01430.4255,E,1,5,1,0, M,0, M,0,*7A,$GPGGA,150724.094,3554.7415,N,01430.4088,E,1,5,1,1.05156, M,0, M,0,*64,35.9123516666667,14.5070916666667,35.9123582816,14.5068136007,5,4.00,,3/28/2013 4:07:24 PM
$GPGGA,150725.109,3554.7411,N,01430.4255,E,1,5,1,0, M,0, M,0,*7E,$GPGGA,150725.109,3554.7411,N,01430.4089,E,1,5,1,1.14862707692308, M,0, M,0,*5D,35.9123516666667,14.5070916666667,35.9123514133,14.506815059,5,4.00,,3/28/2013 4:07:25 PM
$GPGGA,150726.122,3554.7411,N,01430.4255,E,1,5,1,0, M,0, M,0,*74,$GPGGA,150726.122,3554.7407,N,01430.4091,E,1,5,1,1.261872, M,0, M,0,*5E,35.9123516666667,14.5070916666667,35.9123447289,14.5068186688,5,4.00,,3/28/2013 4:07:26 PM
$GPGGA,150727.136,3554.7411,N,01430.4255,E,1,5,1,0, M,0, M,0,*70,$GPGGA,150727.136,3554.7407,N,01430.4091,E,1,5,1,1.21333846153846, M,0, M,0,*55,35.9123516666667,14.5070916666667,35.9123441793,14.5068188816,5,4.00,,3/28/2013 4:07:27 PM
$GPGGA,150728.150,3554.7411,N,01430.4255,E,1,5,1,0, M,0, M,0,*7F,$GPGGA,150728.150,3554.7406,N,01430.4092,E,1,5,1,1.13244923076923, M,0, M,0,*5E,35.9123516666667,14.5070916666667,35.9123440358,14.506819471,5,4.00,,3/28/2013 4:07:28 PM
$GPGGA,150729.165,3554.7411,N,01430.4255,E,1,5,1,0, M,0, M,0,*78,$GPGGA,150729.165,3554.7407,N,01430.4091,E,1,5,1,1.13244923076923, M,0, M,0,*5B,35.9123516666667,14.5070916666667,35.9123452586,14.5068188715,5,4.00,,3/28/2013 4:07:29 PM
$GPGGA,150730.178,3554.7411,N,01430.4255,E,1,5,1,0, M,0, M,0,*7C,$GPGGA,150730.178,3554.7412,N,01430.4089,E,1,5,1,1.13244923076923, M,0, M,0,*52,35.9123516666667,14.5070916666667,35.91235339,14.5068156356,5,4.00,,3/28/2013 4:07:30 PM
$GPGGA,150731.192,3554.7411,N,01430.4255,E,1,5,1,0, M,0, M,0,*79,$GPGGA,150731.192,3554.7413,N,01430.4089,E,1,5,1,1.05156, M,0, M,0,*60,35.9123516666667,14.5070916666667,35.9123553968,14.5068146677,5,4.00,,3/28/2013 4:07:31 PM
$GPGGA,150732.206,3554.7411,N,01430.4255,E,1,5,1,0, M,0, M,0,*74,$GPGGA,150732.206,3554.7414,N,01430.4088,E,1,5,1,1.06773784615385, M,0, M,0,*5E,35.9123516666667,14.5070916666667,35.9123569229,14.5068125975,5,4.00,,3/28/2013 4:07:32 PM
$GPGGA,150733.220,3554.7411,N,01430.4255,E,1,5,1,0, M,0, M,0,*71,$GPGGA,150733.220,3554.7412,N,01430.4087,E,1,5,1,1.08391569230769, M,0, M,0,*50,35.9123516666667,14.5070916666667,35.9123536909,14.5068113921,5,4.00,,3/28/2013 4:07:33 PM
$GPGGA,150734.234,3554.7411,N,01430.4255,E,1,5,1,0, M,0, M,0,*73,$GPGGA,150734.234,3554.7400,N,01430.4086,E,1,5,1,1.24569415384615, M,0, M,0,*51,35.9123516666667,14.5070916666667,35.9123332728,14.5068093336,5,4.00,,3/28/2013 4:07:34 PM
$GPGGA,150735.248,3554.7411,N,01430.4255,E,1,5,1,0, M,0, M,0,*79,$GPGGA,150735.248,3554.7387,N,01430.4086,E,1,5,1,1.08391569230769, M,0, M,0,*52,35.9123516666667,14.5070916666667,35.9123114127,14.5068098531,5,4.00,,3/28/2013 4:07:35 PM
$GPGGA,150736.261,3554.7411,N,01430.4255,E,1,5,1,0, M,0, M,0,*71,$GPGGA,150736.261,3554.7388,N,01430.4086,E,1,5,1,1.24569415384615, M,0, M,0,*54,35.9123516666667,14.5070916666667,35.9123134059,14.5068097735,5,4.00,,3/28/2013 4:07:36 PM
$GPGGA,150737.277,3554.7411,N,01430.4255,E,1,5,1,0, M,0, M,0,*77,$GPGGA,150737.277,3554.7394,N,01430.4084,E,1,5,1,1.27804984615384, M,0, M,0,*5D,35.9123516666667,14.5070916666667,35.9123234682,14.5068068581,5,4.00,,3/28/2013 4:07:37 PM
$GPGGA,150738.291,3554.7411,N,01430.4255,E,1,5,1,0, M,0, M,0,*70,$GPGGA,150738.291,3554.7401,N,01430.4082,E,1,5,1,1.21333846153846, M,0, M,0,*51,35.9123516666667,14.5070916666667,35.9123356431,14.5068029871,5,4.00,,3/28/2013 4:07:38 PM
$GPGGA,150739.304,3554.7411,N,01430.4255,E,1,5,1,0, M,0, M,0,*7C,$GPGGA,150739.304,3554.7409,N,01430.4081,E,1,5,1,1.22951630769231, M,0, M,0,*51,35.9123516666667,14.5070916666667,35.912348038,14.5068019441,5,4.00,,3/28/2013 4:07:39 PM
$GPGGA,150740.318,3554.7411,N,01430.4255,E,1,5,1,0, M,0, M,0,*7F,$GPGGA,150740.318,3554.7406,N,01430.4081,E,1,5,1,1.261872, M,0, M,0,*55,35.9123516666667,14.5070916666667,35.9123436859,14.5068013828,5,4.00,,3/28/2013 4:07:40 PM
$GPGGA,150741.333,3554.7411,N,01430.4255,E,1,5,1,0, M,0, M,0,*77,$GPGGA,150741.333,3554.7399,N,01430.4081,E,1,5,1,1.22951630769231, M,0, M,0,*54,35.9123516666667,14.5070916666667,35.9123317281,14.5068021088,5,4.00,,3/28/2013 4:07:41 PM
$GPGGA,150742.346,3554.7411,N,01430.4255,E,1,5,1,0, M,0, M,0,*76,$GPGGA,150742.346,3554.7396,N,01430.4082,E,1,5,1,1.19716061538462, M,0, M,0,*58,35.9123516666667,14.5070916666667,35.9123261292,14.5068036309,5,4.00,,3/28/2013 4:07:42 PM
$GPGGA,150743.360,3554.7411,N,01430.4255,E,1,5,1,0, M,0, M,0,*73,$GPGGA,150743.360,3554.7389,N,01430.4082,E,1,5,1,1.19716061538462, M,0, M,0,*53,35.9123516666667,14.5070916666667,35.9123156696,14.5068040603,5,4.00,,3/28/2013 4:07:43 PM
$GPGGA,150744.374,3554.7411,N,01430.4255,E,1,5,1,0, M,0, M,0,*71,$GPGGA,150744.374,3554.7393,N,01430.4082,E,1,5,1,1.13244923076923, M,0, M,0,*5A,35.9123516666667,14.5070916666667,35.9123216034,14.5068039501,5,4.00,,3/28/2013 4:07:44 PM
$GPGGA,150745.388,3554.7411,N,01430.4255,E,1,5,1,0, M,0, M,0,*73,$GPGGA,150745.388,3554.7395,N,01430.4083,E,1,5,1,1.19716061538462, M,0, M,0,*5F,35.9123516666667,14.5070916666667,35.9123255866,14.5068045205,5,4.00,,3/28/2013 4:07:45 PM
$GPGGA,150746.402,3554.7411,N,01430.4255,E,1,5,1,0, M,0, M,0,*75,$GPGGA,150746.402,3554.7394,N,01430.4082,E,1,5,1,1.21333846153846, M,0, M,0,*5F,35.9123516666667,14.5070916666667,35.9123238103,14.5068036973,5,4.00,,3/28/2013 4:07:46 PM
$GPGGA,150747.416,3554.7411,N,01430.4255,E,1,5,1,0, M,0, M,0,*71,$GPGGA,150747.416,3554.7396,N,01430.4083,E,1,5,1,1.22951630769231, M,0, M,0,*5F,35.9123516666667,14.5070916666667,35.9123267872,14.5068042881,5,4.00,,3/28/2013 4:07:47 PM
$GPGGA,150748.430,3554.7411,N,01430.4255,E,1,5,1,0, M,0, M,0,*7A,$GPGGA,150748.430,3554.7396,N,01430.4083,E,1,5,1,1.261872, M,0, M,0,*5C,35.9123516666667,14.5070916666667,35.9123272745,14.5068041878,5,4.00,,3/28/2013 4:07:48 PM
$GPGGA,150749.444,3554.7411,N,01430.4255,E,1,5,1,0, M,0, M,0,*78,$GPGGA,150749.444,3554.7396,N,01430.4083,E,1,5,1,1.21333846153846, M,0, M,0,*51,35.9123516666667,14.5070916666667,35.9123272942,14.506804185,5,4.00,,3/28/2013 4:07:49 PM
$GPGGA,150750.459,3554.7411,N,01430.4255,E,1,5,1,0, M,0, M,0,*7C,$GPGGA,150750.459,3554.7394,N,01430.4083,E,1,5,1,1.11627138461538, M,0, M,0,*54,35.9123516666667,14.5070916666667,35.9123235928,14.5068043433,5,4.00,,3/28/2013 4:07:50 PM
$GPGGA,150751.472,3554.7411,N,01430.4255,E,1,5,1,0, M,0, M,0,*74,$GPGGA,150751.472,3554.7396,N,01430.4082,E,1,5,1,1.14862707692308, M,0, M,0,*54,35.9123516666667,14.5070916666667,35.9123259426,14.5068040267,5,4.00,,3/28/2013 4:07:51 PM
$GPGGA,150752.486,3554.7411,N,01430.4255,E,1,5,1,0, M,0, M,0,*7C,$GPGGA,150752.486,3554.7393,N,01430.4083,E,1,5,1,1.19716061538462, M,0, M,0,*56,35.9123516666667,14.5070916666667,35.9123221137,14.5068050375,5,4.00,,3/28/2013 4:07:52 PM
$GPGGA,150753.500,3554.7411,N,01430.4255,E,1,5,1,0, M,0, M,0,*72,$GPGGA,150753.500,3554.7390,N,01430.4084,E,1,5,1,1.261872, M,0, M,0,*55,35.9123516666667,14.5070916666667,35.9123170251,14.5068070671,5,4.00,,3/28/2013 4:07:53 PM
$GPGGA,150754.514,3554.7411,N,01430.4255,E,1,5,1,0, M,0, M,0,*70,$GPGGA,150754.514,3554.7388,N,01430.4084,E,1,5,1,1.16480492307692, M,0, M,0,*5B,35.9123516666667,14.5070916666667,35.9123129456,14.5068066756,5,4.00,,3/28/2013 4:07:54 PM
$GPGGA,150755.529,3554.7411,N,01430.4255,E,1,5,1,0, M,0, M,0,*7F,$GPGGA,150755.529,3554.7386,N,01430.4085,E,1,5,1,1.10009353846154, M,0, M,0,*51,35.9123516666667,14.5070916666667,35.9123091732,14.5068080375,5,4.00,,3/28/2013 4:07:55 PM
$GPGGA,150756.542,3554.7411,N,01430.4255,E,1,5,1,0, M,0, M,0,*71,$GPGGA,150756.542,3554.7394,N,01430.4083,E,1,5,1,1.14862707692308, M,0, M,0,*52,35.9123516666667,14.5070916666667,35.9123225749,14.5068048713,5,4.00,,3/28/2013 4:07:56 PM
$GPGGA,150757.557,3554.7411,N,01430.4255,E,1,5,1,0, M,0, M,0,*74,$GPGGA,150757.557,3554.7405,N,01430.4082,E,1,5,1,1.05156, M,0, M,0,*61,35.9123516666667,14.5070916666667,35.9123411877,14.5068031669,5,4.00,,3/28/2013 4:07:57 PM
$GPGGA,150758.570,3554.7411,N,01430.4255,E,1,5,1,0, M,0, M,0,*7E,$GPGGA,150758.570,3554.7405,N,01430.4082,E,1,5,1,1.06773784615385, M,0, M,0,*5E,35.9123516666667,14.5070916666667,35.9123416423,14.5068039399,5,4.00,,3/28/2013 4:07:58 PM
$GPGGA,150759.584,3554.7411,N,01430.4255,E,1,5,1,0, M,0, M,0,*74,$GPGGA,150759.584,3554.7403,N,01430.4083,E,1,5,1,1.06773784615385, M,0, M,0,*53,35.9123516666667,14.5070916666667,35.9123388059,14.5068047583,5,4.00,,3/28/2013 4:07:59 PM
$GPGGA,150800.599,3554.7411,N,01430.4255,E,1,5,1,0, M,0, M,0,*7B,$GPGGA,150800.599,3554.7406,N,01430.4083,E,1,5,1,1.13244923076923, M,0, M,0,*5A,35.9123516666667,14.5070916666667,35.9123429903,14.5068048211,5,4.00,,3/28/2013 4:08:00 PM
$GPGGA,150801.612,3554.7411,N,01430.4255,E,1,5,1,0, M,0, M,0,*7A,$GPGGA,150801.612,3554.7401,N,01430.4084,E,1,5,1,1.261872, M,0, M,0,*52,35.9123516666667,14.5070916666667,35.9123350505,14.5068058353,5,4.00,,3/28/2013 4:08:01 PM
$GPGGA,150802.626,3554.7411,N,01430.4255,E,1,5,1,0, M,0, M,0,*7E,$GPGGA,150802.626,3554.7397,N,01430.4084,E,1,5,1,1.24569415384615, M,0, M,0,*57,35.9123516666667,14.5070916666667,35.9123276746,14.5068061089,5,4.00,,3/28/2013 4:08:02 PM
$GPGGA,150803.641,3554.7411,N,01430.4255,E,1,5,1,0, M,0, M,0,*7E,$GPGGA,150803.641,3554.7396,N,01430.4084,E,1,5,1,1.24569415384615, M,0, M,0,*56,35.9123516666667,14.5070916666667,35.9123273362,14.5068061938,5,4.00,,3/28/2013 4:08:03 PM
$GPGGA,150804.654,3554.7411,N,01430.4255,E,1,5,1,0, M,0, M,0,*7D,$GPGGA,150804.654,3554.7396,N,01430.4084,E,1,5,1,1.261872, M,0, M,0,*5C,35.9123516666667,14.5070916666667,35.9123266298,14.5068070355,5,4.00,,3/28/2013 4:08:04 PM
$GPGGA,150805.668,3554.7411,N,01430.4255,E,1,5,1,0, M,0, M,0,*73,$GPGGA,150805.668,3554.7396,N,01430.4084,E,1,5,1,1.11627138461538, M,0, M,0,*5E,35.9123516666667,14.5070916666667,35.9123263826,14.5068064165,5,4.00,,3/28/2013 4:08:05 PM
$GPGGA,150806.682,3554.7411,N,01430.4255,E,1,5,1,0, M,0, M,0,*74,$GPGGA,150806.682,3554.7404,N,01430.4084,E,1,5,1,1.03538215384615, M,0, M,0,*57,35.9123516666667,14.5070916666667,35.9123392945,14.506806134,5,4.00,,3/28/2013 4:08:06 PM
$GPGGA,150807.696,3554.7411,N,01430.4255,E,1,5,1,0, M,0, M,0,*70,$GPGGA,150807.696,3554.7415,N,01430.4085,E,1,5,1,1.06773784615385, M,0, M,0,*56,35.9123516666667,14.5070916666667,35.9123576599,14.5068080313,5,4.00,,3/28/2013 4:08:07 PM
$GPGGA,150808.710,3554.7411,N,01430.4255,E,1,5,1,0, M,0, M,0,*70,$GPGGA,150808.710,3554.7416,N,01430.4085,E,1,5,1,1.05156, M,0, M,0,*60,35.9123516666667,14.5070916666667,35.9123603076,14.5068089547,5,4.00,,3/28/2013 4:08:08 PM
$GPGGA,150809.724,3554.7411,N,01430.4255,E,1,5,1,0, M,0, M,0,*76,$GPGGA,150809.724,3554.7410,N,01430.4085,E,1,5,1,1.05156, M,0, M,0,*60,35.9123516666667,14.5070916666667,35.9123506923,14.5068089311,5,4.00,,3/28/2013 4:08:09 PM
$GPGGA,150810.738,3554.7411,N,01430.4255,E,1,5,1,0, M,0, M,0,*73,$GPGGA,150810.738,3554.7405,N,01430.4085,E,1,5,1,1.14862707692308, M,0, M,0,*59,35.9123516666667,14.5070916666667,35.9123416594,14.5068079865,5,4.00,,3/28/2013 4:08:10 PM
$GPGGA,150811.754,3554.7411,N,01430.4255,E,1,5,1,0, M,0, M,0,*78,$GPGGA,150811.754,3554.7395,N,01430.4085,E,1,5,1,1.16480492307692, M,0, M,0,*5E,35.9123516666667,14.5070916666667,35.9123256718,14.5068088787,5,4.00,,3/28/2013 4:08:11 PM
$GPGGA,150812.766,3554.7411,N,01430.4255,E,1,5,1,0, M,0, M,0,*7A,$GPGGA,150812.766,3554.7394,N,01430.4085,E,1,5,1,1.261872, M,0, M,0,*58,35.9123516666667,14.5070916666667,35.9123228007,14.5068085105,5,4.00,,3/28/2013 4:08:12 PM
$GPGGA,150813.780,3554.7411,N,01430.4255,E,1,5,1,0, M,0, M,0,*73,$GPGGA,150813.780,3554.7400,N,01430.4084,E,1,5,1,1.21333846153846, M,0, M,0,*55,35.9123516666667,14.5070916666667,35.9123334614,14.5068066388,5,4.00,,3/28/2013 4:08:13 PM
$GPGGA,150814.794,3554.7411,N,01430.4255,E,1,5,1,0, M,0, M,0,*71,$GPGGA,150814.794,3554.7411,N,01430.4083,E,1,5,1,1.22951630769231, M,0, M,0,*57,35.9123516666667,14.5070916666667,35.9123522061,14.5068044575,5,4.00,,3/28/2013 4:08:14 PM
$GPGGA,150815.808,3554.7411,N,01430.4255,E,1,5,1,0, M,0, M,0,*7A,$GPGGA,150815.808,3554.7421,N,01430.4084,E,1,5,1,1.27804984615384, M,0, M,0,*59,35.9123516666667,14.5070916666667,35.9123690543,14.5068059368,5,4.00,,3/28/2013 4:08:15 PM
$GPGGA,150816.822,3554.7411,N,01430.4255,E,1,5,1,0, M,0, M,0,*71,$GPGGA,150816.822,3554.7417,N,01430.4084,E,1,5,1,1.261872, M,0, M,0,*5E,35.9123516666667,14.5070916666667,35.9123614903,14.5068068929,5,4.00,,3/28/2013 4:08:16 PM
$GPGGA,150817.836,3554.7411,N,01430.4255,E,1,5,1,0, M,0, M,0,*75,$GPGGA,150817.836,3554.7413,N,01430.4085,E,1,5,1,1.261872, M,0, M,0,*5F,35.9123516666667,14.5070916666667,35.9123554155,14.506808735,5,4.00,,3/28/2013 4:08:17 PM
$GPGGA,150818.850,3554.7411,N,01430.4255,E,1,5,1,0, M,0, M,0,*7A,$GPGGA,150818.850,3554.7403,N,01430.4084,E,1,5,1,1.261872, M,0, M,0,*50,35.9123516666667,14.5070916666667,35.9123375551,14.5068063357,5,4.00,,3/28/2013 4:08:18 PM
$GPGGA,150819.864,3554.7411,N,01430.4255,E,1,5,1,0, M,0, M,0,*7C,$GPGGA,150819.864,3554.7395,N,01430.4083,E,1,5,1,1.261872, M,0, M,0,*59,35.9123516666667,14.5070916666667,35.9123247845,14.5068052644,5,4.00,,3/28/2013 4:08:19 PM
$GPGGA,150820.878,3554.7411,N,01430.4255,E,1,5,1,0, M,0, M,0,*7B,$GPGGA,150820.878,3554.7399,N,01430.4083,E,1,5,1,1.18098276923077, M,0, M,0,*59,35.9123516666667,14.5070916666667,35.9123311394,14.5068052145,5,4.00,,3/28/2013 4:08:20 PM
$GPGGA,150821.892,3554.7411,N,01430.4255,E,1,5,1,0, M,0, M,0,*7E,$GPGGA,150821.892,3554.7400,N,01430.4082,E,1,5,1,1.08391569230769, M,0, M,0,*59,35.9123516666667,14.5070916666667,35.9123337522,14.5068039198,5,4.00,,3/28/2013 4:08:21 PM
$GPGGA,150822.906,3554.7411,N,01430.4255,E,1,5,1,0, M,0, M,0,*71,$GPGGA,150822.906,3554.7405,N,01430.4082,E,1,5,1,1.16480492307692, M,0, M,0,*5E,35.9123516666667,14.5070916666667,35.9123411588,14.5068030537,5,4.00,,3/28/2013 4:08:22 PM
$GPGGA,150823.920,3554.7411,N,01430.4255,E,1,5,1,0, M,0, M,0,*74,$GPGGA,150823.920,3554.7410,N,01430.4082,E,1,5,1,1.05156, M,0, M,0,*65,35.9123516666667,14.5070916666667,35.9123504929,14.5068031221,5,4.00,,3/28/2013 4:08:23 PM
$GPGGA,150824.934,3554.7411,N,01430.4255,E,1,5,1,0, M,0, M,0,*76,$GPGGA,150824.934,3554.7408,N,01430.4082,E,1,5,1,1.10009353846154, M,0, M,0,*5E,35.9123516666667,14.5070916666667,35.9123470833,14.5068036519,5,4.00,,3/28/2013 4:08:24 PM
$GPGGA,150825.948,3554.7411,N,01430.4255,E,1,5,1,0, M,0, M,0,*7C,$GPGGA,150825.948,3554.7403,N,01430.4083,E,1,5,1,1.06773784615385, M,0, M,0,*5B,35.9123516666667,14.5070916666667,35.9123385557,14.5068044599,5,4.00,,3/28/2013 4:08:25 PM
$GPGGA,150826.962,3554.7411,N,01430.4255,E,1,5,1,0, M,0, M,0,*77,$GPGGA,150826.962,3554.7398,N,01430.4083,E,1,5,1,1.08391569230769, M,0, M,0,*57,35.9123516666667,14.5070916666667,35.9123301796,14.5068044011,5,4.00,,3/28/2013 4:08:26 PM
$GPGGA,150827.976,3554.7411,N,01430.4255,E,1,5,1,0, M,0, M,0,*73,$GPGGA,150827.976,3554.7397,N,01430.4083,E,1,5,1,1.14862707692308, M,0, M,0,*53,35.9123516666667,14.5070916666667,35.9123283077,14.5068046134,5,4.00,,3/28/2013 4:08:27 PM
$GPGGA,150828.991,3554.7411,N,01430.4255,E,1,5,1,0, M,0, M,0,*75,$GPGGA,150828.991,3554.7395,N,01430.4083,E,1,5,1,1.11627138461538, M,0, M,0,*5C,35.9123516666667,14.5070916666667,35.9123245885,14.5068044105,5,4.00,,3/28/2013 4:08:28 PM
$GPGGA,150830.005,3554.7411,N,01430.4255,E,1,5,1,0, M,0, M,0,*78,$GPGGA,150830.005,3554.7394,N,01430.4083,E,1,5,1,0.889781538461537, M,0, M,0,*6E,35.9123516666667,14.5070916666667,35.912322911,14.5068046822,5,4.00,,3/28/2013 4:08:30 PM
$GPGGA,150831.019,3554.7411,N,01430.4255,E,1,5,1,0, M,0, M,0,*74,$GPGGA,150831.019,3554.7411,N,01430.4082,E,1,5,1,1.05156, M,0, M,0,*64,35.9123516666667,14.5070916666667,35.912351604,14.5068028781,5,4.00,,3/28/2013 4:08:31 PM
$GPGGA,150832.034,3554.7411,N,01430.4255,E,1,5,1,0, M,0, M,0,*78,$GPGGA,150832.034,3554.7408,N,01430.4082,E,1,5,1,1.05156, M,0, M,0,*60,35.9123516666667,14.5070916666667,35.9123469822,14.5068031193,5,4.00,,3/28/2013 4:08:32 PM
$GPGGA,150833.047,3554.7411,N,01430.4255,E,1,5,1,0, M,0, M,0,*7D,$GPGGA,150833.047,3554.7410,N,01430.4083,E,1,5,1,0.986848615384615, M,0, M,0,*67,35.9123516666667,14.5070916666667,35.9123507695,14.5068046613,5,4.00,,3/28/2013 4:08:33 PM
$GPGGA,150834.060,3554.7411,N,01430.4255,E,1,5,1,0, M,0, M,0,*7F,$GPGGA,150834.060,3554.7425,N,01430.4086,E,1,5,1,1.05156, M,0, M,0,*6C,35.9123516666667,14.5070916666667,35.9123756423,14.5068107657,5,4.00,,3/28/2013 4:08:34 PM
$GPGGA,150835.074,3554.7411,N,01430.4255,E,1,5,1,0, M,0, M,0,*7B,$GPGGA,150835.074,3554.7420,N,01430.4086,E,1,5,1,1.24569415384615, M,0, M,0,*5B,35.9123516666667,14.5070916666667,35.912365967,14.5068098912,5,4.00,,3/28/2013 4:08:35 PM
$GPGGA,150836.088,3554.7411,N,01430.4255,E,1,5,1,0, M,0, M,0,*7B,$GPGGA,150836.088,3554.7413,N,01430.4088,E,1,5,1,1.00302646153846, M,0, M,0,*5C,35.9123516666667,14.5070916666667,35.9123544616,14.5068136342,5,4.00,,3/28/2013 4:08:36 PM
$GPGGA,150837.102,3554.7411,N,01430.4255,E,1,5,1,0, M,0, M,0,*79,$GPGGA,150837.102,3554.7418,N,01430.4088,E,1,5,1,1.10009353846154, M,0, M,0,*5A,35.9123516666667,14.5070916666667,35.912363449,14.5068131778,5,4.00,,3/28/2013 4:08:37 PM
$GPGGA,150838.116,3554.7411,N,01430.4255,E,1,5,1,0, M,0, M,0,*73,$GPGGA,150838.116,3554.7416,N,01430.4089,E,1,5,1,1.24569415384615, M,0, M,0,*59,35.9123516666667,14.5070916666667,35.9123592855,14.5068143641,5,4.00,,3/28/2013 4:08:38 PM
$GPGGA,150839.130,3554.7411,N,01430.4255,E,1,5,1,0, M,0, M,0,*76,$GPGGA,150839.130,3554.7427,N,01430.4091,E,1,5,1,1.18098276923077, M,0, M,0,*55,35.9123516666667,14.5070916666667,35.9123781424,14.5068175809,5,4.00,,3/28/2013 4:08:39 PM
$GPGGA,150840.144,3554.7411,N,01430.4255,E,1,5,1,0, M,0, M,0,*7B,$GPGGA,150840.144,3554.7435,N,01430.4094,E,1,5,1,1.05156, M,0, M,0,*6A,35.9123516666667,14.5070916666667,35.9123921744,14.5068228305,5,4.00,,3/28/2013 4:08:40 PM
$GPGGA,150841.158,3554.7411,N,01430.4255,E,1,5,1,0, M,0, M,0,*77,$GPGGA,150841.158,3554.7436,N,01430.4096,E,1,5,1,1.18098276923077, M,0, M,0,*53,35.9123516666667,14.5070916666667,35.9123933591,14.5068267954,5,4.00,,3/28/2013 4:08:41 PM
$GPGGA,150842.172,3554.7411,N,01430.4255,E,1,5,1,0, M,0, M,0,*7C,$GPGGA,150842.172,3554.7437,N,01430.4100,E,1,5,1,1.08391569230769, M,0, M,0,*54,35.9123516666667,14.5070916666667,35.9123956305,14.5068337319,5,4.00,,3/28/2013 4:08:42 PM
$GPGGA,150843.186,3554.7411,N,01430.4255,E,1,5,1,0, M,0, M,0,*76,$GPGGA,150843.186,3554.7427,N,01430.4094,E,1,5,1,1.18098276923077, M,0, M,0,*50,35.9123516666667,14.5070916666667,35.9123779894,14.5068230088,5,4.00,,3/28/2013 4:08:43 PM
$GPGGA,150844.200,3554.7411,N,01430.4255,E,1,5,1,0, M,0, M,0,*7C,$GPGGA,150844.200,3554.7430,N,01430.4099,E,1,5,1,1.14862707692308, M,0, M,0,*5D,35.9123516666667,14.5070916666667,35.9123835047,14.5068313735,5,4.00,,3/28/2013 4:08:44 PM
$GPGGA,150845.214,3554.7411,N,01430.4255,E,1,5,1,0, M,0, M,0,*78,$GPGGA,150845.214,3554.7434,N,01430.4103,E,1,5,1,1.24569415384615, M,0, M,0,*51,35.9123516666667,14.5070916666667,35.9123903652,14.5068386289,5,4.00,,3/28/2013 4:08:45 PM
$GPGGA,150846.229,3554.7411,N,01430.4255,E,1,5,1,0, M,0, M,0,*75,$GPGGA,150846.229,3554.7433,N,01430.4097,E,1,5,1,1.08391569230769, M,0, M,0,*56,35.9123516666667,14.5070916666667,35.9123879934,14.5068277619,5,4.00,,3/28/2013 4:08:46 PM
$GPGGA,150847.243,3554.7411,N,01430.4255,E,1,5,1,0, M,0, M,0,*78,$GPGGA,150847.243,3554.7440,N,01430.4102,E,1,5,1,1.06773784615385, M,0, M,0,*50,35.9123516666667,14.5070916666667,35.9123995283,14.5068359208,5,4.00,,3/28/2013 4:08:47 PM
$GPGGA,150848.257,3554.7411,N,01430.4255,E,1,5,1,0, M,0, M,0,*72,$GPGGA,150848.257,3554.7439,N,01430.4100,E,1,5,1,1.05156, M,0, M,0,*63,35.9123516666667,14.5070916666667,35.9123988445,14.5068334059,5,4.00,,3/28/2013 4:08:48 PM
$GPGGA,150849.271,3554.7411,N,01430.4255,E,1,5,1,0, M,0, M,0,*77,$GPGGA,150849.271,3554.7434,N,01430.4097,E,1,5,1,1.05156, M,0, M,0,*64,35.9123516666667,14.5070916666667,35.9123894079,14.5068285532,5,4.00,,3/28/2013 4:08:49 PM
$GPGGA,150850.285,3554.7411,N,01430.4255,E,1,5,1,0, M,0, M,0,*74,$GPGGA,150850.285,3554.7430,N,01430.4099,E,1,5,1,1.05156, M,0, M,0,*6D,35.9123516666667,14.5070916666667,35.9123836168,14.5068320901,5,4.00,,3/28/2013 4:08:50 PM
$GPGGA,150851.299,3554.7411,N,01430.4255,E,1,5,1,0, M,0, M,0,*78,$GPGGA,150851.299,3554.7429,N,01430.4098,E,1,5,1,1.13244923076923, M,0, M,0,*5E,35.9123516666667,14.5070916666667,35.9123816641,14.506830703,5,4.00,,3/28/2013 4:08:51 PM
$GPGGA,150852.312,3554.7411,N,01430.4255,E,1,5,1,0, M,0, M,0,*79,$GPGGA,150852.312,3554.7434,N,01430.4101,E,1,5,1,1.10009353846154, M,0, M,0,*54,35.9123516666667,14.5070916666667,35.9123906507,14.5068348088,5,4.00,,3/28/2013 4:08:52 PM
$GPGGA,150853.326,3554.7411,N,01430.4255,E,1,5,1,0, M,0, M,0,*7F,$GPGGA,150853.326,3554.7436,N,01430.4102,E,1,5,1,1.03538215384615, M,0, M,0,*52,35.9123516666667,14.5070916666667,35.9123932117,14.5068365849,5,4.00,,3/28/2013 4:08:53 PM
$GPGGA,150854.340,3554.7411,N,01430.4255,E,1,5,1,0, M,0, M,0,*78,$GPGGA,150854.340,3554.7432,N,01430.4094,E,1,5,1,1.16480492307692, M,0, M,0,*54,35.9123516666667,14.5070916666667,35.912386107,14.506823875,5,4.00,,3/28/2013 4:08:54 PM
$GPGGA,150855.354,3554.7411,N,01430.4255,E,1,5,1,0, M,0, M,0,*7C,$GPGGA,150855.354,3554.7433,N,01430.4094,E,1,5,1,1.06773784615385, M,0, M,0,*5E,35.9123516666667,14.5070916666667,35.9123887428,14.5068228018,5,4.00,,3/28/2013 4:08:55 PM
$GPGGA,150856.368,3554.7411,N,01430.4255,E,1,5,1,0, M,0, M,0,*70,$GPGGA,150856.368,3554.7430,N,01430.4092,E,1,5,1,1.05156, M,0, M,0,*62,35.9123516666667,14.5070916666667,35.9123837276,14.5068203423,5,4.00,,3/28/2013 4:08:56 PM
$GPGGA,150857.382,3554.7411,N,01430.4255,E,1,5,1,0, M,0, M,0,*75,$GPGGA,150857.382,3554.7421,N,01430.4090,E,1,5,1,1.10009353846154, M,0, M,0,*55,35.9123516666667,14.5070916666667,35.9123677571,14.5068166302,5,4.00,,3/28/2013 4:08:57 PM
$GPGGA,150858.396,3554.7411,N,01430.4255,E,1,5,1,0, M,0, M,0,*7F,$GPGGA,150858.396,3554.7423,N,01430.4094,E,1,5,1,1.13244923076923, M,0, M,0,*5F,35.9123516666667,14.5070916666667,35.9123717661,14.5068240411,5,4.00,,3/28/2013 4:08:58 PM
$GPGGA,150859.410,3554.7411,N,01430.4255,E,1,5,1,0, M,0, M,0,*77,$GPGGA,150859.410,3554.7424,N,01430.4095,E,1,5,1,1.16480492307692, M,0, M,0,*5D,35.9123516666667,14.5070916666667,35.9123733335,14.5068248007,5,4.00,,3/28/2013 4:08:59 PM
$GPGGA,150900.424,3554.7411,N,01430.4255,E,1,5,1,0, M,0, M,0,*7D,$GPGGA,150900.424,3554.7430,N,01430.4092,E,1,5,1,1.18098276923077, M,0, M,0,*5B,35.9123516666667,14.5070916666667,35.9123827409,14.5068207214,5,4.00,,3/28/2013 4:09:00 PM
$GPGGA,150901.438,3554.7411,N,01430.4255,E,1,5,1,0, M,0, M,0,*71,$GPGGA,150901.438,3554.7432,N,01430.4087,E,1,5,1,1.03538215384615, M,0, M,0,*54,35.9123516666667,14.5070916666667,35.9123863428,14.5068121237,5,5.00,,3/28/2013 4:09:01 PM
$GPGGA,150902.452,3554.7411,N,01430.4255,E,1,5,1,0, M,0, M,0,*7E,$GPGGA,150902.452,3554.7426,N,01430.4081,E,1,5,1,1.21333846153846, M,0, M,0,*59,35.9123516666667,14.5070916666667,35.9123770791,14.5068018108,5,5.00,,3/28/2013 4:09:02 PM
$GPGGA,150903.466,3554.7411,N,01430.4255,E,1,5,1,0, M,0, M,0,*78,$GPGGA,150903.466,3554.7411,N,01430.4078,E,1,5,1,1.05156, M,0, M,0,*6D,35.9123516666667,14.5070916666667,35.9123522583,14.5067960323,5,5.00,,3/28/2013 4:09:03 PM
$GPGGA,150904.481,3554.7411,N,01430.4255,E,1,5,1,0, M,0, M,0,*76,$GPGGA,150904.481,3554.7404,N,01430.4078,E,1,5,1,1.08391569230769, M,0, M,0,*50,35.9123516666667,14.5070916666667,35.9123399569,14.5067960534,5,5.00,,3/28/2013 4:09:04 PM
$GPGGA,150905.495,3554.7411,N,01430.4255,E,1,5,1,0, M,0, M,0,*72,$GPGGA,150905.495,3554.7398,N,01430.4079,E,1,5,1,1.261872, M,0, M,0,*5F,35.9123516666667,14.5070916666667,35.912329664,14.5067987201,5,5.00,,3/28/2013 4:09:05 PM
$GPGGA,150906.509,3554.7411,N,01430.4255,E,1,5,1,0, M,0, M,0,*75,$GPGGA,150906.509,3554.7395,N,01430.4079,E,1,5,1,1.24569415384615, M,0, M,0,*5C,35.9123516666667,14.5070916666667,35.9123257617,14.506797897,5,5.00,,3/28/2013 4:09:06 PM
$GPGGA,150907.523,3554.7411,N,01430.4255,E,1,5,1,0, M,0, M,0,*7C,$GPGGA,150907.523,3554.7393,N,01430.4080,E,1,5,1,1.11627138461538, M,0, M,0,*50,35.9123516666667,14.5070916666667,35.9123224498,14.5068002825,5,5.00,,3/28/2013 4:09:07 PM
$GPGGA,150908.537,3554.7411,N,01430.4255,E,1,5,1,0, M,0, M,0,*76,$GPGGA,150908.537,3554.7396,N,01430.4078,E,1,5,1,1.261872, M,0, M,0,*54,35.9123516666667,14.5070916666667,35.9123258536,14.5067973795,5,5.00,,3/28/2013 4:09:08 PM
$GPGGA,150909.551,3554.7411,N,01430.4255,E,1,5,1,0, M,0, M,0,*77,$GPGGA,150909.551,3554.7396,N,01430.4077,E,1,5,1,1.06773784615385, M,0, M,0,*50,35.9123516666667,14.5070916666667,35.9123270317,14.5067953533,5,5.00,,3/28/2013 4:09:09 PM
$GPGGA,150910.565,3554.7411,N,01430.4255,E,1,5,1,0, M,0, M,0,*78,$GPGGA,150910.565,3554.7396,N,01430.4076,E,1,5,1,1.13244923076923, M,0, M,0,*5D,35.9123516666667,14.5070916666667,35.9123267323,14.5067926479,5,5.00,,3/28/2013 4:09:10 PM
$GPGGA,150911.578,3554.7411,N,01430.4255,E,1,5,1,0, M,0, M,0,*75,$GPGGA,150911.578,3554.7388,N,01430.4078,E,1,5,1,1.05156, M,0, M,0,*67,35.9123516666667,14.5070916666667,35.912313162,14.5067960392,5,5.00,,3/28/2013 4:09:11 PM
$GPGGA,150912.592,3554.7411,N,01430.4255,E,1,5,1,0, M,0, M,0,*72,$GPGGA,150912.592,3554.7384,N,01430.4079,E,1,5,1,1.05156, M,0, M,0,*6D,35.9123516666667,14.5070916666667,35.9123064983,14.5067982396,5,5.00,,3/28/2013 4:09:12 PM
$GPGGA,150913.606,3554.7411,N,01430.4255,E,1,5,1,0, M,0, M,0,*7D,$GPGGA,150913.606,3554.7383,N,01430.4081,E,1,5,1,1.08391569230769, M,0, M,0,*55,35.9123516666667,14.5070916666667,35.9123042774,14.5068012419,5,5.00,,3/28/2013 4:09:13 PM
$GPGGA,150914.620,3554.7411,N,01430.4255,E,1,5,1,0, M,0, M,0,*7E,$GPGGA,150914.620,3554.7384,N,01430.4080,E,1,5,1,1.10009353846154, M,0, M,0,*57,35.9123516666667,14.5070916666667,35.9123060871,14.5068005162,5,5.00,,3/28/2013 4:09:14 PM
$GPGGA,150915.634,3554.7411,N,01430.4255,E,1,5,1,0, M,0, M,0,*7A,$GPGGA,150915.634,3554.7384,N,01430.4080,E,1,5,1,1.06773784615385, M,0, M,0,*56,35.9123516666667,14.5070916666667,35.912306357,14.5068002742,5,5.00,,3/28/2013 4:09:15 PM
$GPGGA,150916.648,3554.7411,N,01430.4255,E,1,5,1,0, M,0, M,0,*72,$GPGGA,150916.648,3554.7388,N,01430.4079,E,1,5,1,1.05156, M,0, M,0,*61,35.9123516666667,14.5070916666667,35.9123137086,14.5067976791,5,5.00,,3/28/2013 4:09:16 PM
$GPGGA,150917.662,3554.7411,N,01430.4255,E,1,5,1,0, M,0, M,0,*7B,$GPGGA,150917.662,3554.7383,N,01430.4081,E,1,5,1,1.05156, M,0, M,0,*64,35.9123516666667,14.5070916666667,35.9123053362,14.5068009229,5,5.00,,3/28/2013 4:09:17 PM
$GPGGA,150918.676,3554.7411,N,01430.4255,E,1,5,1,0, M,0, M,0,*71,$GPGGA,150918.676,3554.7383,N,01430.4079,E,1,5,1,1.05156, M,0, M,0,*69,35.9123516666667,14.5070916666667,35.9123042923,14.5067986339,5,5.00,,3/28/2013 4:09:18 PM
$GPGGA,150919.690,3554.7411,N,01430.4255,E,1,5,1,0, M,0, M,0,*78,$GPGGA,150919.690,3554.7375,N,01430.4084,E,1,5,1,1.11627138461538, M,0, M,0,*58,35.9123516666667,14.5070916666667,35.912292029,14.5068058923,5,5.00,,3/28/2013 4:09:19 PM
$GPGGA,150920.704,3554.7411,N,01430.4255,E,1,5,1,0, M,0, M,0,*7E,$GPGGA,150920.704,3554.7373,N,01430.4084,E,1,5,1,1.19716061538462, M,0, M,0,*5D,35.9123516666667,14.5070916666667,35.9122877136,14.5068067392,5,5.00,,3/28/2013 4:09:20 PM
$GPGGA,150921.719,3554.7411,N,01430.4255,E,1,5,1,0, M,0, M,0,*73,$GPGGA,150921.719,3554.7372,N,01430.4085,E,1,5,1,1.22951630769231, M,0, M,0,*51,35.9123516666667,14.5070916666667,35.9122858622,14.5068080247,5,5.00,,3/28/2013 4:09:21 PM
$GPGGA,150922.733,3554.7411,N,01430.4255,E,1,5,1,0, M,0, M,0,*78,$GPGGA,150922.733,3554.7374,N,01430.4083,E,1,5,1,1.261872, M,0, M,0,*52,35.9123516666667,14.5070916666667,35.9122902182,14.5068054422,5,5.00,,3/28/2013 4:09:22 PM
$GPGGA,150923.747,3554.7411,N,01430.4255,E,1,5,1,0, M,0, M,0,*7A,$GPGGA,150923.747,3554.7373,N,01430.4084,E,1,5,1,1.11627138461538, M,0, M,0,*5C,35.9123516666667,14.5070916666667,35.9122878496,14.5068068926,5,5.00,,3/28/2013 4:09:23 PM
$GPGGA,150924.761,3554.7411,N,01430.4255,E,1,5,1,0, M,0, M,0,*79,$GPGGA,150924.761,3554.7377,N,01430.4081,E,1,5,1,1.05156, M,0, M,0,*6D,35.9123516666667,14.5070916666667,35.9122954161,14.50680249,5,5.00,,3/28/2013 4:09:24 PM
$GPGGA,150925.775,3554.7411,N,01430.4255,E,1,5,1,0, M,0, M,0,*7D,$GPGGA,150925.775,3554.7375,N,01430.4084,E,1,5,1,1.05156, M,0, M,0,*6E,35.9123516666667,14.5070916666667,35.9122916531,14.5068059174,5,5.00,,3/28/2013 4:09:25 PM
$GPGGA,150926.789,3554.7411,N,01430.4255,E,1,5,1,0, M,0, M,0,*7D,$GPGGA,150926.789,3554.7371,N,01430.4086,E,1,5,1,1.05156, M,0, M,0,*68,35.9123516666667,14.5070916666667,35.9122843885,14.506810552,5,5.00,,3/28/2013 4:09:26 PM
$GPGGA,150927.803,3554.7411,N,01430.4255,E,1,5,1,0, M,0, M,0,*71,$GPGGA,150927.803,3554.7370,N,01430.4086,E,1,5,1,0.970670769230769, M,0, M,0,*6D,35.9123516666667,14.5070916666667,35.9122825044,14.5068100059,5,5.00,,3/28/2013 4:09:27 PM
$GPGGA,150928.817,3554.7411,N,01430.4255,E,1,5,1,0, M,0, M,0,*7B,$GPGGA,150928.817,3554.7374,N,01430.4084,E,1,5,1,1.05156, M,0, M,0,*69,35.9123516666667,14.5070916666667,35.9122895178,14.506806808,5,5.00,,3/28/2013 4:09:28 PM
$GPGGA,150929.831,3554.7411,N,01430.4255,E,1,5,1,0, M,0, M,0,*7E,$GPGGA,150929.831,3554.7374,N,01430.4083,E,1,5,1,1.05156, M,0, M,0,*6B,35.9123516666667,14.5070916666667,35.9122906059,14.5068056588,5,5.00,,3/28/2013 4:09:29 PM
$GPGGA,150930.845,3554.7411,N,01430.4255,E,1,5,1,0, M,0, M,0,*75,$GPGGA,150930.845,3554.7375,N,01430.4083,E,1,5,1,1.05156, M,0, M,0,*61,35.9123516666667,14.5070916666667,35.9122918453,14.5068043865,5,5.00,,3/28/2013 4:09:30 PM
$GPGGA,150931.858,3554.7411,N,01430.4255,E,1,5,1,0, M,0, M,0,*78,$GPGGA,150931.858,3554.7376,N,01430.4081,E,1,5,1,1.05156, M,0, M,0,*6D,35.9123516666667,14.5070916666667,35.9122941653,14.5068022922,5,5.00,,3/28/2013 4:09:31 PM
$GPGGA,150932.872,3554.7411,N,01430.4255,E,1,5,1,0, M,0, M,0,*73,$GPGGA,150932.872,3554.7373,N,01430.4085,E,1,5,1,1.08391569230769, M,0, M,0,*50,35.9123516666667,14.5070916666667,35.9122877326,14.5068091465,5,5.00,,3/28/2013 4:09:32 PM
$GPGGA,150933.886,3554.7411,N,01430.4255,E,1,5,1,0, M,0, M,0,*79,$GPGGA,150933.886,3554.7372,N,01430.4086,E,1,5,1,1.08391569230769, M,0, M,0,*58,35.9123516666667,14.5070916666667,35.9122864335,14.5068092226,5,5.00,,3/28/2013 4:09:33 PM
$GPGGA,150934.900,3554.7411,N,01430.4255,E,1,5,1,0, M,0, M,0,*71,$GPGGA,150934.900,3554.7371,N,01430.4087,E,1,5,1,1.19716061538462, M,0, M,0,*53,35.9123516666667,14.5070916666667,35.9122842871,14.5068119656,5,5.00,,3/28/2013 4:09:34 PM
$GPGGA,150935.914,3554.7411,N,01430.4255,E,1,5,1,0, M,0, M,0,*75,$GPGGA,150935.914,3554.7374,N,01430.4085,E,1,5,1,1.22951630769231, M,0, M,0,*51,35.9123516666667,14.5070916666667,35.9122906737,14.5068089228,5,5.00,,3/28/2013 4:09:35 PM
$GPGGA,150936.928,3554.7411,N,01430.4255,E,1,5,1,0, M,0, M,0,*79,$GPGGA,150936.928,3554.7378,N,01430.4084,E,1,5,1,1.05156, M,0, M,0,*67,35.9123516666667,14.5070916666667,35.9122971808,14.5068061236,5,5.00,,3/28/2013 4:09:36 PM
$GPGGA,150937.942,3554.7411,N,01430.4255,E,1,5,1,0, M,0, M,0,*74,$GPGGA,150937.942,3554.7381,N,01430.4083,E,1,5,1,1.14862707692308, M,0, M,0,*53,35.9123516666667,14.5070916666667,35.912301169,14.5068045018,5,5.00,,3/28/2013 4:09:37 PM
$GPGGA,150938.957,3554.7411,N,01430.4255,E,1,5,1,0, M,0, M,0,*7F,$GPGGA,150938.957,3554.7381,N,01430.4080,E,1,5,1,1.11627138461538, M,0, M,0,*50,35.9123516666667,14.5070916666667,35.9123022407,14.5067993588,5,5.00,,3/28/2013 4:09:38 PM
$GPGGA,150939.971,3554.7411,N,01430.4255,E,1,5,1,0, M,0, M,0,*7A,$GPGGA,150939.971,3554.7379,N,01430.4080,E,1,5,1,1.05156, M,0, M,0,*61,35.9123516666667,14.5070916666667,35.9122986671,14.5068005042,5,5.00,,3/28/2013 4:09:39 PM
$GPGGA,150940.985,3554.7411,N,01430.4255,E,1,5,1,0, M,0, M,0,*7F,$GPGGA,150940.985,3554.7373,N,01430.4083,E,1,5,1,1.08391569230769, M,0, M,0,*5A,35.9123516666667,14.5070916666667,35.9122883466,14.5068055723,5,5.00,,3/28/2013 4:09:40 PM
$GPGGA,150942.000,3554.7411,N,01430.4255,E,1,5,1,0, M,0, M,0,*79,$GPGGA,150942.000,3554.7370,N,01430.4084,E,1,5,1,1.10009353846154, M,0, M,0,*5F,35.9123516666667,14.5070916666667,35.9122830795,14.5068068221,5,5.00,,3/28/2013 4:09:42 PM
$GPGGA,150943.013,3554.7411,N,01430.4255,E,1,5,1,0, M,0, M,0,*7A,$GPGGA,150943.013,3554.7369,N,01430.4086,E,1,5,1,1.10009353846154, M,0, M,0,*56,35.9123516666667,14.5070916666667,35.9122813922,14.5068104568,5,5.00,,3/28/2013 4:09:43 PM
$GPGGA,150944.027,3554.7411,N,01430.4255,E,1,5,1,0, M,0, M,0,*7A,$GPGGA,150944.027,3554.7372,N,01430.4086,E,1,5,1,1.16480492307692, M,0, M,0,*56,35.9123516666667,14.5070916666667,35.9122864432,14.5068101003,5,5.00,,3/28/2013 4:09:44 PM
$GPGGA,150945.042,3554.7411,N,01430.4255,E,1,5,1,0, M,0, M,0,*78,$GPGGA,150945.042,3554.7373,N,01430.4085,E,1,5,1,1.01920430769231, M,0, M,0,*5E,35.9123516666667,14.5070916666667,35.912288573,14.5068086807,5,5.00,,3/28/2013 4:09:45 PM
$GPGGA,150946.055,3554.7411,N,01430.4255,E,1,5,1,0, M,0, M,0,*7D,$GPGGA,150946.055,3554.7377,N,01430.4084,E,1,5,1,1.03538215384615, M,0, M,0,*5D,35.9123516666667,14.5070916666667,35.9122952318,14.5068062202,5,5.00,,3/28/2013 4:09:46 PM
$GPGGA,150947.069,3554.7411,N,01430.4255,E,1,5,1,0, M,0, M,0,*73,$GPGGA,150947.069,3554.7378,N,01430.4083,E,1,5,1,1.18098276923077, M,0, M,0,*5E,35.9123516666667,14.5070916666667,35.912296955,14.5068052358,5,5.00,,3/28/2013 4:09:47 PM
$GPGGA,150948.083,3554.7411,N,01430.4255,E,1,5,1,0, M,0, M,0,*78,$GPGGA,150948.083,3554.7378,N,01430.4080,E,1,5,1,1.06773784615385, M,0, M,0,*57,35.9123516666667,14.5070916666667,35.9122973552,14.5068008243,5,5.00,,3/28/2013 4:09:48 PM
$GPGGA,150949.097,3554.7411,N,01430.4255,E,1,5,1,0, M,0, M,0,*7C,$GPGGA,150949.097,3554.7380,N,01430.4080,E,1,5,1,1.05156, M,0, M,0,*61,35.9123516666667,14.5070916666667,35.9122994105,14.5068000451,5,5.00,,3/28/2013 4:09:49 PM
$GPGGA,150950.111,3554.7411,N,01430.4255,E,1,5,1,0, M,0, M,0,*7B,$GPGGA,150950.111,3554.7372,N,01430.4085,E,1,5,1,1.05156, M,0, M,0,*6E,35.9123516666667,14.5070916666667,35.9122861161,14.5068084961,5,5.00,,3/28/2013 4:09:50 PM
$GPGGA,150951.125,3554.7411,N,01430.4255,E,1,5,1,0, M,0, M,0,*7D,$GPGGA,150951.125,3554.7369,N,01430.4086,E,1,5,1,0.970670769230769, M,0, M,0,*69,35.9123516666667,14.5070916666667,35.9122815526,14.506809589,5,5.00,,3/28/2013 4:09:51 PM
$GPGGA,150952.139,3554.7411,N,01430.4255,E,1,5,1,0, M,0, M,0,*73,$GPGGA,150952.139,3554.7368,N,01430.4088,E,1,5,1,1.01920430769231, M,0, M,0,*52,35.9123516666667,14.5070916666667,35.9122794294,14.5068135295,5,5.00,,3/28/2013 4:09:52 PM
$GPGGA,150953.152,3554.7411,N,01430.4255,E,1,5,1,0, M,0, M,0,*7F,$GPGGA,150953.152,3554.7371,N,01430.4087,E,1,5,1,1.13244923076923, M,0, M,0,*5D,35.9123516666667,14.5070916666667,35.9122851398,14.5068121268,5,5.00,,3/28/2013 4:09:53 PM
$GPGGA,150954.167,3554.7411,N,01430.4255,E,1,5,1,0, M,0, M,0,*7E,$GPGGA,150954.167,3554.7372,N,01430.4085,E,1,5,1,0.986848615384615, M,0, M,0,*61,35.9123516666667,14.5070916666667,35.9122860897,14.5068075157,5,5.00,,3/28/2013 4:09:54 PM
$GPGGA,150955.181,3554.7411,N,01430.4255,E,1,5,1,0, M,0, M,0,*77,$GPGGA,150955.181,3554.7381,N,01430.4079,E,1,5,1,1.05156, M,0, M,0,*6D,35.9123516666667,14.5070916666667,35.9123021737,14.5067989944,5,5.00,,3/28/2013 4:09:55 PM
$GPGGA,150956.195,3554.7411,N,01430.4255,E,1,5,1,0, M,0, M,0,*71,$GPGGA,150956.195,3554.7381,N,01430.4080,E,1,5,1,1.10009353846154, M,0, M,0,*5D,35.9123516666667,14.5070916666667,35.9123024322,14.5067991715,5,5.00,,3/28/2013 4:09:56 PM
$GPGGA,150957.209,3554.7411,N,01430.4255,E,1,5,1,0, M,0, M,0,*76,$GPGGA,150957.209,3554.7380,N,01430.4080,E,1,5,1,1.05156, M,0, M,0,*6B,35.9123516666667,14.5070916666667,35.9122991845,14.506799431,5,5.00,,3/28/2013 4:09:57 PM
$GPGGA,150958.223,3554.7411,N,01430.4255,E,1,5,1,0, M,0, M,0,*71,$GPGGA,150958.223,3554.7375,N,01430.4081,E,1,5,1,1.06773784615385, M,0, M,0,*52,35.9123516666667,14.5070916666667,35.9122914822,14.5068015672,5,5.00,,3/28/2013 4:09:58 PM
$GPGGA,150959.238,3554.7411,N,01430.4255,E,1,5,1,0, M,0, M,0,*7A,$GPGGA,150959.238,3554.7371,N,01430.4084,E,1,5,1,1.22951630769231, M,0, M,0,*5A,35.9123516666667,14.5070916666667,35.9122845492,14.5068064975,5,5.00,,3/28/2013 4:09:59 PM
$GPGGA,151000.252,3554.7411,N,01430.4255,E,1,5,1,0, M,0, M,0,*72,$GPGGA,151000.252,3554.7365,N,01430.4087,E,1,5,1,1.10009353846154, M,0, M,0,*53,35.9123516666667,14.5070916666667,35.9122751257,14.5068109088,5,5.00,,3/28/2013 4:10:00 PM
$GPGGA,151001.265,3554.7411,N,01430.4255,E,1,5,1,0, M,0, M,0,*77,$GPGGA,151001.265,3554.7377,N,01430.4082,E,1,5,1,1.261872, M,0, M,0,*5F,35.9123516666667,14.5070916666667,35.9122950218,14.5068031675,5,5.00,,3/28/2013 4:10:01 PM
$GPGGA,151002.279,3554.7411,N,01430.4255,E,1,5,1,0, M,0, M,0,*79,$GPGGA,151002.279,3554.7382,N,01430.4079,E,1,5,1,1.22951630769231, M,0, M,0,*57,35.9123516666667,14.5070916666667,35.9123040237,14.5067986445,5,5.00,,3/28/2013 4:10:02 PM
$GPGGA,151003.293,3554.7411,N,01430.4255,E,1,5,1,0, M,0, M,0,*7C,$GPGGA,151003.293,3554.7382,N,01430.4078,E,1,5,1,1.22951630769231, M,0, M,0,*53,35.9123516666667,14.5070916666667,35.9123039331,14.5067971343,5,5.00,,3/28/2013 4:10:03 PM
$GPGGA,151004.307,3554.7411,N,01430.4255,E,1,5,1,0, M,0, M,0,*77,$GPGGA,151004.307,3554.7382,N,01430.4078,E,1,5,1,1.24569415384615, M,0, M,0,*59,35.9123516666667,14.5070916666667,35.9123034658,14.5067962712,5,5.00,,3/28/2013 4:10:04 PM
$GPGGA,151005.321,3554.7411,N,01430.4255,E,1,5,1,0, M,0, M,0,*72,$GPGGA,151005.321,3554.7373,N,01430.4081,E,1,5,1,1.24569415384615, M,0, M,0,*54,35.9123516666667,14.5070916666667,35.9122888138,14.5068014591,5,5.00,,3/28/2013 4:10:05 PM
$GPGGA,151006.335,3554.7411,N,01430.4255,E,1,5,1,0, M,0, M,0,*74,$GPGGA,151006.335,3554.7366,N,01430.4084,E,1,5,1,1.22951630769231, M,0, M,0,*52,35.9123516666667,14.5070916666667,35.9122771301,14.5068059252,5,5.00,,3/28/2013 4:10:06 PM
$GPGGA,151007.349,3554.7411,N,01430.4255,E,1,5,1,0, M,0, M,0,*7E,$GPGGA,151007.349,3554.7363,N,01430.4085,E,1,5,1,1.18098276923077, M,0, M,0,*5F,35.9123516666667,14.5070916666667,35.912271887,14.5068081369,5,5.00,,3/28/2013 4:10:07 PM
$GPGGA,151008.363,3554.7411,N,01430.4255,E,1,5,1,0, M,0, M,0,*79,$GPGGA,151008.363,3554.7369,N,01430.4083,E,1,5,1,1.21333846153846, M,0, M,0,*50,35.9123516666667,14.5070916666667,35.9122816727,14.5068052306,5,5.00,,3/28/2013 4:10:08 PM
$GPGGA,151009.377,3554.7411,N,01430.4255,E,1,5,1,0, M,0, M,0,*7D,$GPGGA,151009.377,3554.7365,N,01430.4086,E,1,5,1,1.08391569230769, M,0, M,0,*5A,35.9123516666667,14.5070916666667,35.9122754882,14.5068093429,5,5.00,,3/28/2013 4:10:09 PM
$GPGGA,151010.391,3554.7411,N,01430.4255,E,1,5,1,0, M,0, M,0,*7D,$GPGGA,151010.391,3554.7371,N,01430.4082,E,1,5,1,1.13244923076923, M,0, M,0,*5A,35.9123516666667,14.5070916666667,35.9122851396,14.506803501,5,5.00,,3/28/2013 4:10:10 PM
$GPGGA,151011.405,3554.7411,N,01430.4255,E,1,5,1,0, M,0, M,0,*76,$GPGGA,151011.405,3554.7372,N,01430.4082,E,1,5,1,1.05156, M,0, M,0,*64,35.9123516666667,14.5070916666667,35.9122868856,14.5068027058,5,5.00,,3/28/2013 4:10:11 PM
$GPGGA,151012.418,3554.7411,N,01430.4255,E,1,5,1,0, M,0, M,0,*79,$GPGGA,151012.418,3554.7365,N,01430.4089,E,1,5,1,1.05156, M,0, M,0,*66,35.9123516666667,14.5070916666667,35.9122748504,14.5068145844,5,5.00,,3/28/2013 4:10:12 PM
$GPGGA,151013.432,3554.7411,N,01430.4255,E,1,5,1,0, M,0, M,0,*70,$GPGGA,151013.432,3554.7365,N,01430.4088,E,1,5,1,0.938315076923076, M,0, M,0,*65,35.9123516666667,14.5070916666667,35.9122746518,14.5068130365,5,5.00,,3/28/2013 4:10:13 PM
$GPGGA,151014.447,3554.7411,N,01430.4255,E,1,5,1,0, M,0, M,0,*75,$GPGGA,151014.447,3554.7362,N,01430.4091,E,1,5,1,0.970670769230769, M,0, M,0,*6C,35.9123516666667,14.5070916666667,35.9122703413,14.5068178581,5,5.00,,3/28/2013 4:10:14 PM
$GPGGA,151015.461,3554.7411,N,01430.4255,E,1,5,1,0, M,0, M,0,*70,$GPGGA,151015.461,3554.7361,N,01430.4091,E,1,5,1,1.06773784615385, M,0, M,0,*57,35.9123516666667,14.5070916666667,35.9122685125,14.5068176756,5,5.00,,3/28/2013 4:10:15 PM
$GPGGA,151016.475,3554.7411,N,01430.4255,E,1,5,1,0, M,0, M,0,*76,$GPGGA,151016.475,3554.7364,N,01430.4088,E,1,5,1,1.14862707692308, M,0, M,0,*51,35.9123516666667,14.5070916666667,35.9122726129,14.5068136002,5,5.00,,3/28/2013 4:10:16 PM
$GPGGA,151017.489,3554.7411,N,01430.4255,E,1,5,1,0, M,0, M,0,*74,$GPGGA,151017.489,3554.7369,N,01430.4086,E,1,5,1,1.05156, M,0, M,0,*68,35.9123516666667,14.5070916666667,35.9122810958,14.506810416,5,5.00,,3/28/2013 4:10:17 PM
$GPGGA,151018.503,3554.7411,N,01430.4255,E,1,5,1,0, M,0, M,0,*78,$GPGGA,151018.503,3554.7371,N,01430.4085,E,1,5,1,1.06773784615385, M,0, M,0,*5B,35.9123516666667,14.5070916666667,35.9122848576,14.5068080482,5,5.00,,3/28/2013 4:10:18 PM
$GPGGA,151019.517,3554.7411,N,01430.4255,E,1,5,1,0, M,0, M,0,*7C,$GPGGA,151019.517,3554.7372,N,01430.4085,E,1,5,1,1.05156, M,0, M,0,*69,35.9123516666667,14.5070916666667,35.9122859465,14.5068084471,5,5.00,,3/28/2013 4:10:19 PM
$GPGGA,151020.532,3554.7411,N,01430.4255,E,1,5,1,0, M,0, M,0,*71,$GPGGA,151020.532,3554.7371,N,01430.4085,E,1,5,1,1.05156, M,0, M,0,*67,35.9123516666667,14.5070916666667,35.9122844366,14.5068087496,5,5.00,,3/28/2013 4:10:20 PM
$GPGGA,151021.545,3554.7411,N,01430.4255,E,1,5,1,0, M,0, M,0,*70,$GPGGA,151021.545,3554.7365,N,01430.4088,E,1,5,1,1.05156, M,0, M,0,*6E,35.9123516666667,14.5070916666667,35.9122757959,14.5068134381,5,5.00,,3/28/2013 4:10:21 PM
$GPGGA,151022.559,3554.7411,N,01430.4255,E,1,5,1,0, M,0, M,0,*7E,$GPGGA,151022.559,3554.7367,N,01430.4088,E,1,5,1,1.11627138461538, M,0, M,0,*51,35.9123516666667,14.5070916666667,35.91227896,14.5068131825,5,5.00,,3/28/2013 4:10:22 PM
$GPGGA,151023.573,3554.7411,N,01430.4255,E,1,5,1,0, M,0, M,0,*77,$GPGGA,151023.573,3554.7368,N,01430.4086,E,1,5,1,1.14862707692308, M,0, M,0,*52,35.9123516666667,14.5070916666667,35.9122803573,14.5068100805,5,5.00,,3/28/2013 4:10:23 PM
$GPGGA,151024.587,3554.7411,N,01430.4255,E,1,5,1,0, M,0, M,0,*7B,$GPGGA,151024.587,3554.7368,N,01430.4090,E,1,5,1,1.13244923076923, M,0, M,0,*57,35.9123516666667,14.5070916666667,35.9122803183,14.506816424,5,5.00,,3/28/2013 4:10:24 PM
$GPGGA,151025.601,3554.7411,N,01430.4255,E,1,5,1,0, M,0, M,0,*77,$GPGGA,151025.601,3554.7372,N,01430.4085,E,1,5,1,1.10009353846154, M,0, M,0,*52,35.9123516666667,14.5070916666667,35.9122863391,14.5068089909,5,5.00,,3/28/2013 4:10:25 PM
$GPGGA,151026.615,3554.7411,N,01430.4255,E,1,5,1,0, M,0, M,0,*71,$GPGGA,151026.615,3554.7377,N,01430.4083,E,1,5,1,1.11627138461538, M,0, M,0,*54,35.9123516666667,14.5070916666667,35.9122948126,14.5068047279,5,5.00,,3/28/2013 4:10:26 PM
$GPGGA,151027.629,3554.7411,N,01430.4255,E,1,5,1,0, M,0, M,0,*7F,$GPGGA,151027.629,3554.7376,N,01430.4084,E,1,5,1,1.08391569230769, M,0, M,0,*58,35.9123516666667,14.5070916666667,35.9122930963,14.5068068832,5,5.00,,3/28/2013 4:10:27 PM
$GPGGA,151028.643,3554.7411,N,01430.4255,E,1,5,1,0, M,0, M,0,*7C,$GPGGA,151028.643,3554.7372,N,01430.4085,E,1,5,1,1.18098276923077, M,0, M,0,*5D,35.9123516666667,14.5070916666667,35.9122859297,14.5068079938,5,5.00,,3/28/2013 4:10:28 PM
$GPGGA,151029.657,3554.7411,N,01430.4255,E,1,5,1,0, M,0, M,0,*78,$GPGGA,151029.657,3554.7367,N,01430.4087,E,1,5,1,1.05156, M,0, M,0,*6B,35.9123516666667,14.5070916666667,35.9122784948,14.5068121395,5,5.00,,3/28/2013 4:10:29 PM
$GPGGA,151030.670,3554.7411,N,01430.4255,E,1,5,1,0, M,0, M,0,*75,$GPGGA,151030.670,3554.7364,N,01430.4092,E,1,5,1,1.06773784615385, M,0, M,0,*54,35.9123516666667,14.5070916666667,35.9122729343,14.5068204399,5,5.00,,3/28/2013 4:10:30 PM
$GPGGA,151031.686,3554.7411,N,01430.4255,E,1,5,1,0, M,0, M,0,*7D,$GPGGA,151031.686,3554.7365,N,01430.4090,E,1,5,1,1.069086, M,0, M,0,*5C,35.9123516666667,14.5070916666667,35.9122747145,14.5068159285,5,5.00,,3/28/2013 4:10:31 PM
$GPGGA,151032.699,3554.7411,N,01430.4255,E,1,5,1,0, M,0, M,0,*70,$GPGGA,151032.699,3554.7371,N,01430.4088,E,1,5,1,1.06773784615385, M,0, M,0,*5E,35.9123516666667,14.5070916666667,35.9122844002,14.5068127187,5,5.00,,3/28/2013 4:10:32 PM
$GPGGA,151033.714,3554.7411,N,01430.4255,E,1,5,1,0, M,0, M,0,*75,$GPGGA,151033.714,3554.7371,N,01430.4088,E,1,5,1,1.13244923076923, M,0, M,0,*58,35.9123516666667,14.5070916666667,35.9122841712,14.506812533,5,5.00,,3/28/2013 4:10:33 PM
$GPGGA,151034.727,3554.7411,N,01430.4255,E,1,5,1,0, M,0, M,0,*72,$GPGGA,151034.727,3554.7373,N,01430.4083,E,1,5,1,1.11627138461538, M,0, M,0,*53,35.9123516666667,14.5070916666667,35.912288185,14.5068051054,5,5.00,,3/28/2013 4:10:34 PM
$GPGGA,151035.741,3554.7411,N,01430.4255,E,1,5,1,0, M,0, M,0,*73,$GPGGA,151035.741,3554.7375,N,01430.4084,E,1,5,1,1.05156, M,0, M,0,*60,35.9123516666667,14.5070916666667,35.9122909211,14.506806673,5,5.00,,3/28/2013 4:10:35 PM
$GPGGA,151036.755,3554.7411,N,01430.4255,E,1,5,1,0, M,0, M,0,*75,$GPGGA,151036.755,3554.7370,N,01430.4087,E,1,5,1,1.06773784615385, M,0, M,0,*55,35.9123516666667,14.5070916666667,35.9122831609,14.5068117798,5,5.00,,3/28/2013 4:10:36 PM
$GPGGA,151037.769,3554.7411,N,01430.4255,E,1,5,1,0, M,0, M,0,*7B,$GPGGA,151037.769,3554.7371,N,01430.4085,E,1,5,1,1.03538215384615, M,0, M,0,*5C,35.9123516666667,14.5070916666667,35.9122856045,14.5068082494,5,5.00,,3/28/2013 4:10:37 PM
$GPGGA,151038.783,3554.7411,N,01430.4255,E,1,5,1,0, M,0, M,0,*70,$GPGGA,151038.783,3554.7369,N,01430.4087,E,1,5,1,1.08391569230769, M,0, M,0,*5A,35.9123516666667,14.5070916666667,35.9122823043,14.5068122017,5,5.00,,3/28/2013 4:10:38 PM
$GPGGA,151039.797,3554.7411,N,01430.4255,E,1,5,1,0, M,0, M,0,*74,$GPGGA,151039.797,3554.7368,N,01430.4091,E,1,5,1,1.24569415384615, M,0, M,0,*59,35.9123516666667,14.5070916666667,35.9122794695,14.5068175041,5,5.00,,3/28/2013 4:10:39 PM
$GPGGA,151040.811,3554.7411,N,01430.4255,E,1,5,1,0, M,0, M,0,*7B,$GPGGA,151040.811,3554.7372,N,01430.4087,E,1,5,1,1.05156, M,0, M,0,*6C,35.9123516666667,14.5070916666667,35.9122865257,14.5068122933,5,5.00,,3/28/2013 4:10:40 PM
$GPGGA,151041.825,3554.7411,N,01430.4255,E,1,5,1,0, M,0, M,0,*7D,$GPGGA,151041.825,3554.7373,N,01430.4087,E,1,5,1,1.05156, M,0, M,0,*6B,35.9123516666667,14.5070916666667,35.912288819,14.5068115861,5,5.00,,3/28/2013 4:10:41 PM
$GPGGA,151042.839,3554.7411,N,01430.4255,E,1,5,1,0, M,0, M,0,*73,$GPGGA,151042.839,3554.7370,N,01430.4089,E,1,5,1,1.22951630769231, M,0, M,0,*5F,35.9123516666667,14.5070916666667,35.912284076,14.5068154695,5,5.00,,3/28/2013 4:10:42 PM
$GPGGA,151043.853,3554.7411,N,01430.4255,E,1,5,1,0, M,0, M,0,*7E,$GPGGA,151043.853,3554.7372,N,01430.4086,E,1,5,1,1.05156, M,0, M,0,*68,35.9123516666667,14.5070916666667,35.9122859812,14.5068100168,5,5.00,,3/28/2013 4:10:43 PM
$GPGGA,151044.867,3554.7411,N,01430.4255,E,1,5,1,0, M,0, M,0,*7E,$GPGGA,151044.867,3554.7374,N,01430.4083,E,1,5,1,1.05156, M,0, M,0,*6B,35.9123516666667,14.5070916666667,35.9122900647,14.5068046592,5,5.00,,3/28/2013 4:10:44 PM
$GPGGA,151045.881,3554.7411,N,01430.4255,E,1,5,1,0, M,0, M,0,*77,$GPGGA,151045.881,3554.7367,N,01430.4088,E,1,5,1,1.08391569230769, M,0, M,0,*5C,35.9123516666667,14.5070916666667,35.9122788977,14.506813959,5,5.00,,3/28/2013 4:10:45 PM
$GPGGA,151046.895,3554.7411,N,01430.4255,E,1,5,1,0, M,0, M,0,*71,$GPGGA,151046.895,3554.7369,N,01430.4086,E,1,5,1,1.05156, M,0, M,0,*6D,35.9123516666667,14.5070916666667,35.9122823443,14.5068093785,5,5.00,,3/28/2013 4:10:46 PM
$GPGGA,151047.910,3554.7411,N,01430.4255,E,1,5,1,0, M,0, M,0,*7C,$GPGGA,151047.910,3554.7364,N,01430.4089,E,1,5,1,1.05156, M,0, M,0,*62,35.9123516666667,14.5070916666667,35.912273619,14.506814759,5,5.00,,3/28/2013 4:10:47 PM
$GPGGA,151048.925,3554.7411,N,01430.4255,E,1,5,1,0, M,0, M,0,*75,$GPGGA,151048.925,3554.7360,N,01430.4094,E,1,5,1,1.16480492307692, M,0, M,0,*59,35.9123516666667,14.5070916666667,35.9122665572,14.506822767,5,5.00,,3/28/2013 4:10:48 PM
$GPGGA,151049.938,3554.7411,N,01430.4255,E,1,5,1,0, M,0, M,0,*78,$GPGGA,151049.938,3554.7357,N,01430.4090,E,1,5,1,1.00302646153846, M,0, M,0,*51,35.9123516666667,14.5070916666667,35.9122613362,14.5068168756,5,5.00,,3/28/2013 4:10:49 PM
$GPGGA,151050.952,3554.7411,N,01430.4255,E,1,5,1,0, M,0, M,0,*7C,$GPGGA,151050.952,3554.7362,N,01430.4091,E,1,5,1,1.11627138461538, M,0, M,0,*5E,35.9123516666667,14.5070916666667,35.9122691933,14.5068180437,5,5.00,,3/28/2013 4:10:50 PM
$GPGGA,151051.965,3554.7411,N,01430.4255,E,1,5,1,0, M,0, M,0,*79,$GPGGA,151051.965,3554.7366,N,01430.4088,E,1,5,1,1.06773784615385, M,0, M,0,*51,35.9123516666667,14.5070916666667,35.9122758882,14.5068125195,5,5.00,,3/28/2013 4:10:51 PM
$GPGGA,151052.979,3554.7411,N,01430.4255,E,1,5,1,0, M,0, M,0,*77,$GPGGA,151052.979,3554.7372,N,01430.4082,E,1,5,1,1.16480492307692, M,0, M,0,*5F,35.9123516666667,14.5070916666667,35.9122870056,14.5068038766,5,5.00,,3/28/2013 4:10:52 PM
$GPGGA,151053.993,3554.7411,N,01430.4255,E,1,5,1,0, M,0, M,0,*72,$GPGGA,151053.993,3554.7378,N,01430.4081,E,1,5,1,1.06773784615385, M,0, M,0,*5C,35.9123516666667,14.5070916666667,35.9122968683,14.5068009467,5,5.00,,3/28/2013 4:10:53 PM
$GPGGA,151055.008,3554.7411,N,01430.4255,E,1,5,1,0, M,0, M,0,*7F,$GPGGA,151055.008,3554.7373,N,01430.4084,E,1,5,1,1.11627138461538, M,0, M,0,*59,35.9123516666667,14.5070916666667,35.9122885098,14.506807083,5,5.00,,3/28/2013 4:10:55 PM
$GPGGA,151056.021,3554.7411,N,01430.4255,E,1,5,1,0, M,0, M,0,*77,$GPGGA,151056.021,3554.7366,N,01430.4085,E,1,5,1,1.06773784615385, M,0, M,0,*52,35.9123516666667,14.5070916666667,35.9122765051,14.5068081458,5,5.00,,3/28/2013 4:10:56 PM
$GPGGA,151057.035,3554.7411,N,01430.4255,E,1,5,1,0, M,0, M,0,*73,$GPGGA,151057.035,3554.7363,N,01430.4087,E,1,5,1,1.06773784615385, M,0, M,0,*51,35.9123516666667,14.5070916666667,35.9122711669,14.5068122752,5,5.00,,3/28/2013 4:10:57 PM
$GPGGA,151058.049,3554.7411,N,01430.4255,E,1,5,1,0, M,0, M,0,*77,$GPGGA,151058.049,3554.7358,N,01430.4092,E,1,5,1,1.21333846153846, M,0, M,0,*5C,35.9123516666667,14.5070916666667,35.9122633964,14.5068201703,5,5.00,,3/28/2013 4:10:58 PM
$GPGGA,151059.063,3554.7411,N,01430.4255,E,1,5,1,0, M,0, M,0,*7E,$GPGGA,151059.063,3554.7366,N,01430.4084,E,1,5,1,1.10009353846154, M,0, M,0,*5F,35.9123516666667,14.5070916666667,35.9122771479,14.5068072872,5,5.00,,3/28/2013 4:10:59 PM
$GPGGA,151100.077,3554.7411,N,01430.4255,E,1,5,1,0, M,0, M,0,*76,$GPGGA,151100.077,3554.7369,N,01430.4086,E,1,5,1,1.08391569230769, M,0, M,0,*5D,35.9123516666667,14.5070916666667,35.9122820352,14.5068093485,5,5.00,,3/28/2013 4:11:00 PM
$GPGGA,151101.091,3554.7411,N,01430.4255,E,1,5,1,0, M,0, M,0,*7F,$GPGGA,151101.091,3554.7375,N,01430.4085,E,1,5,1,1.21333846153846, M,0, M,0,*5D,35.9123516666667,14.5070916666667,35.9122911069,14.5068078802,5,5.00,,3/28/2013 4:11:01 PM
$GPGGA,151102.105,3554.7411,N,01430.4255,E,1,5,1,0, M,0, M,0,*70,$GPGGA,151102.105,3554.7373,N,01430.4085,E,1,5,1,1.01920430769231, M,0, M,0,*56,35.9123516666667,14.5070916666667,35.9122883697,14.506807511,5,5.00,,3/28/2013 4:11:02 PM
$GPGGA,151103.119,3554.7411,N,01430.4255,E,1,5,1,0, M,0, M,0,*7C,$GPGGA,151103.119,3554.7370,N,01430.4089,E,1,5,1,1.261872, M,0, M,0,*58,35.9123516666667,14.5070916666667,35.9122841116,14.5068143233,5,5.00,,3/28/2013 4:11:03 PM
$GPGGA,151104.133,3554.7411,N,01430.4255,E,1,5,1,0, M,0, M,0,*73,$GPGGA,151104.133,3554.7364,N,01430.4088,E,1,5,1,1.10009353846154, M,0, M,0,*5C,35.9123516666667,14.5070916666667,35.9122739096,14.506812598,5,5.00,,3/28/2013 4:11:04 PM
$GPGGA,151105.147,3554.7411,N,01430.4255,E,1,5,1,0, M,0, M,0,*71,$GPGGA,151105.147,3554.7364,N,01430.4087,E,1,5,1,1.261872, M,0, M,0,*5E,35.9123516666667,14.5070916666667,35.9122727484,14.506811595,5,5.00,,3/28/2013 4:11:05 PM
$GPGGA,151106.162,3554.7411,N,01430.4255,E,1,5,1,0, M,0, M,0,*75,$GPGGA,151106.162,3554.7369,N,01430.4084,E,1,5,1,1.261872, M,0, M,0,*54,35.9123516666667,14.5070916666667,35.9122817283,14.5068070096,5,5.00,,3/28/2013 4:11:06 PM
$GPGGA,151107.177,3554.7411,N,01430.4255,E,1,5,1,0, M,0, M,0,*70,$GPGGA,151107.177,3554.7380,N,01430.4079,E,1,5,1,1.261872, M,0, M,0,*54,35.9123516666667,14.5070916666667,35.9122994519,14.5067991225,5,5.00,,3/28/2013 4:11:07 PM
$GPGGA,151108.190,3554.7411,N,01430.4255,E,1,5,1,0, M,0, M,0,*76,$GPGGA,151108.190,3554.7380,N,01430.4080,E,1,5,1,1.11627138461538, M,0, M,0,*58,35.9123516666667,14.5070916666667,35.91229962,14.5068000958,5,5.00,,3/28/2013 4:11:08 PM
$GPGGA,151109.205,3554.7411,N,01430.4255,E,1,5,1,0, M,0, M,0,*78,$GPGGA,151109.205,3554.7378,N,01430.4081,E,1,5,1,1.18098276923077, M,0, M,0,*57,35.9123516666667,14.5070916666667,35.9122973624,14.5068014882,5,5.00,,3/28/2013 4:11:09 PM
$GPGGA,151110.217,3554.7411,N,01430.4255,E,1,5,1,0, M,0, M,0,*73,$GPGGA,151110.217,3554.7374,N,01430.4082,E,1,5,1,1.03538215384615, M,0, M,0,*56,35.9123516666667,14.5070916666667,35.9122895145,14.5068030851,5,5.00,,3/28/2013 4:11:10 PM
$GPGGA,151111.231,3554.7411,N,01430.4255,E,1,5,1,0, M,0, M,0,*76,$GPGGA,151111.231,3554.7381,N,01430.4079,E,1,5,1,1.03538215384615, M,0, M,0,*5D,35.9123516666667,14.5070916666667,35.9123020519,14.5067982586,5,5.00,,3/28/2013 4:11:11 PM
$GPGGA,151112.245,3554.7411,N,01430.4255,E,1,5,1,0, M,0, M,0,*76,$GPGGA,151112.245,3554.7397,N,01430.4075,E,1,5,1,1.21333846153846, M,0, M,0,*57,35.9123516666667,14.5070916666667,35.9123286835,14.5067911673,5,5.00,,3/28/2013 4:11:12 PM
$GPGGA,151113.259,3554.7411,N,01430.4255,E,1,5,1,0, M,0, M,0,*7A,$GPGGA,151113.259,3554.7416,N,01430.4074,E,1,5,1,1.14862707692308, M,0, M,0,*5C,35.9123516666667,14.5070916666667,35.9123598837,14.5067894226,5,5.00,,3/28/2013 4:11:13 PM
$GPGGA,151114.273,3554.7411,N,01430.4255,E,1,5,1,0, M,0, M,0,*75,$GPGGA,151114.273,3554.7423,N,01430.4072,E,1,5,1,1.18098276923077, M,0, M,0,*5F,35.9123516666667,14.5070916666667,35.9123719847,14.5067869751,5,5.00,,3/28/2013 4:11:14 PM
$GPGGA,151115.287,3554.7411,N,01430.4255,E,1,5,1,0, M,0, M,0,*7F,$GPGGA,151115.287,3554.7425,N,01430.4072,E,1,5,1,1.24569415384615, M,0, M,0,*51,35.9123516666667,14.5070916666667,35.9123755381,14.5067874472,5,5.00,,3/28/2013 4:11:15 PM
$GPGGA,151116.301,3554.7411,N,01430.4255,E,1,5,1,0, M,0, M,0,*73,$GPGGA,151116.301,3554.7427,N,01430.4073,E,1,5,1,1.22951630769231, M,0, M,0,*5F,35.9123516666667,14.5070916666667,35.9123787488,14.506787966,5,5.00,,3/28/2013 4:11:16 PM
$GPGGA,151117.315,3554.7411,N,01430.4255,E,1,5,1,0, M,0, M,0,*77,$GPGGA,151117.315,3554.7424,N,01430.4073,E,1,5,1,1.261872, M,0, M,0,*50,35.9123516666667,14.5070916666667,35.9123738913,14.5067880748,5,5.00,,3/28/2013 4:11:17 PM
$GPGGA,151118.329,3554.7411,N,01430.4255,E,1,5,1,0, M,0, M,0,*77,$GPGGA,151118.329,3554.7432,N,01430.4074,E,1,5,1,1.10009353846154, M,0, M,0,*5F,35.9123516666667,14.5070916666667,35.9123861822,14.5067907418,5,5.00,,3/28/2013 4:11:18 PM
$GPGGA,151119.343,3554.7411,N,01430.4255,E,1,5,1,0, M,0, M,0,*7A,$GPGGA,151119.343,3554.7439,N,01430.4077,E,1,5,1,1.08391569230769, M,0, M,0,*5D,35.9123516666667,14.5070916666667,35.9123988043,14.5067946918,5,5.00,,3/28/2013 4:11:19 PM
$GPGGA,151120.357,3554.7411,N,01430.4255,E,1,5,1,0, M,0, M,0,*75,$GPGGA,151120.357,3554.7431,N,01430.4087,E,1,5,1,1.261872, M,0, M,0,*5D,35.9123516666667,14.5070916666667,35.9123849796,14.5068118018,5,5.00,,3/28/2013 4:11:20 PM
$GPGGA,151121.371,3554.7411,N,01430.4255,E,1,5,1,0, M,0, M,0,*70,$GPGGA,151121.371,3554.7433,N,01430.4110,E,1,5,1,1.22951630769231, M,0, M,0,*5D,35.9123516666667,14.5070916666667,35.9123876293,14.5068506511,5,0.00,,3/28/2013 4:11:21 PM
$GPGGA,151122.385,3554.7411,N,01430.4255,E,1,5,1,0, M,0, M,0,*78,$GPGGA,151122.385,3554.7419,N,01430.4156,E,1,5,1,1.16480492307692, M,0, M,0,*52,35.9123516666667,14.5070916666667,35.9123646881,14.5069259231,4,0.00,,3/28/2013 4:11:22 PM
$GPGGA,151123.399,3554.7411,N,01430.4255,E,1,5,1,0, M,0, M,0,*74,$GPGGA,151123.399,3554.7422,N,01430.4156,E,1,5,1,1.156716, M,0, M,0,*59,35.9123516666667,14.5070916666667,35.912369272,14.5069263463,4,0.00,,3/28/2013 4:11:23 PM
$GPGGA,151124.414,3554.7411,N,01430.4255,E,1,5,1,0, M,0, M,0,*71,$GPGGA,151124.414,3554.7421,N,01430.4156,E,1,5,1,0.946403999999999, M,0, M,0,*69,35.9123516666667,14.5070916666667,35.9123681413,14.5069260962,4,0.00,,3/28/2013 4:11:24 PM
$GPGGA,151125.428,3554.7411,N,01430.4255,E,1,5,1,0, M,0, M,0,*7F,$GPGGA,151125.428,3554.7422,N,01430.4156,E,1,5,1,0.841247999999999, M,0, M,0,*64,35.9123516666667,14.5070916666667,35.9123697204,14.5069263961,4,0.00,,3/28/2013 4:11:25 PM
$GPGGA,151126.442,3554.7411,N,01430.4255,E,1,5,1,0, M,0, M,0,*70,$GPGGA,151126.442,3554.7423,N,01430.4156,E,1,5,1,0.841247999999999, M,0, M,0,*6A,35.9123516666667,14.5070916666667,35.9123722253,14.5069270815,4,0.00,,3/28/2013 4:11:26 PM
$GPGGA,151127.456,3554.7411,N,01430.4255,E,1,5,1,0, M,0, M,0,*74,$GPGGA,151127.456,3554.7424,N,01430.4157,E,1,5,1,0.827227199999999, M,0, M,0,*66,35.9123516666667,14.5070916666667,35.9123735183,14.5069279997,4,0.00,,3/28/2013 4:11:27 PM
$GPGGA,151128.470,3554.7411,N,01430.4255,E,1,5,1,0, M,0, M,0,*7F,$GPGGA,151128.470,3554.7423,N,01430.4157,E,1,5,1,0.8018145, M,0, M,0,*60,35.9123516666667,14.5070916666667,35.912372137,14.5069275749,4,0.00,,3/28/2013 4:11:28 PM
$GPGGA,151129.483,3554.7411,N,01430.4255,E,1,5,1,0, M,0, M,0,*72,$GPGGA,151129.483,3554.7426,N,01430.4158,E,1,5,1,0.8132064, M,0, M,0,*6C,35.9123516666667,14.5070916666667,35.9123771439,14.5069298242,4,0.00,,3/28/2013 4:11:29 PM
$GPGGA,151130.497,3554.7411,N,01430.4255,E,1,5,1,0, M,0, M,0,*7F,$GPGGA,151130.497,3554.7424,N,01430.4158,E,1,5,1,0.841247999999999, M,0, M,0,*6C,35.9123516666667,14.5070916666667,35.9123730824,14.5069292503,4,0.00,,3/28/2013 4:11:30 PM
$GPGGA,151131.511,3554.7411,N,01430.4255,E,1,5,1,0, M,0, M,0,*71,$GPGGA,151131.511,3554.7422,N,01430.4157,E,1,5,1,0.841247999999999, M,0, M,0,*6B,35.9123516666667,14.5070916666667,35.9123695518,14.5069285014,4,0.00,,3/28/2013 4:11:31 PM
$GPGGA,151132.525,3554.7411,N,01430.4255,E,1,5,1,0, M,0, M,0,*75,$GPGGA,151132.525,3554.7424,N,01430.4157,E,1,5,1,0.8132064, M,0, M,0,*66,35.9123516666667,14.5070916666667,35.9123732265,14.5069279057,4,0.00,,3/28/2013 4:11:32 PM
$GPGGA,151133.539,3554.7411,N,01430.4255,E,1,5,1,0, M,0, M,0,*79,$GPGGA,151133.539,3554.7424,N,01430.4157,E,1,5,1,0.6729984, M,0, M,0,*6F,35.9123516666667,14.5070916666667,35.91237338,14.5069279599,4,0.00,,3/28/2013 4:11:33 PM
$GPGGA,151134.553,3554.7411,N,01430.4255,E,1,5,1,0, M,0, M,0,*72,$GPGGA,151134.553,3554.7424,N,01430.4157,E,1,5,1,0.5748528, M,0, M,0,*6A,35.9123516666667,14.5070916666667,35.9123730441,14.5069289459,4,0.00,,3/28/2013 4:11:34 PM
$GPGGA,151135.567,3554.7411,N,01430.4255,E,1,5,1,0, M,0, M,0,*74,$GPGGA,151135.567,3554.7422,N,01430.4158,E,1,5,1,0.3811905, M,0, M,0,*63,35.9123516666667,14.5070916666667,35.9123703143,14.5069293394,4,0.00,,3/28/2013 4:11:35 PM
$GPGGA,151136.581,3554.7411,N,01430.4255,E,1,5,1,0, M,0, M,0,*7F,$GPGGA,151136.581,3554.7419,N,01430.4159,E,1,5,1,0.3811905, M,0, M,0,*61,35.9123516666667,14.5070916666667,35.9123653643,14.5069312339,4,0.00,,3/28/2013 4:11:36 PM
$GPGGA,151137.595,3554.7411,N,01430.4255,E,1,5,1,0, M,0, M,0,*7B,$GPGGA,151137.595,3554.7419,N,01430.4159,E,1,5,1,0.420624, M,0, M,0,*54,35.9123516666667,14.5070916666667,35.9123654755,14.5069324164,4,0.00,,3/28/2013 4:11:37 PM
$GPGGA,151138.609,3554.7411,N,01430.4255,E,1,5,1,0, M,0, M,0,*72,$GPGGA,151138.610,3554.7414,N,01430.4206,E,1,5,1,0.431139599999999, M,0, M,0,*6F,35.9123516666667,14.5070916666667,35.9123570721,14.507009777,3,0.00,,3/28/2013 4:11:38 PM
$GPGGA,151139.623,3554.7411,N,01430.4255,E,1,5,1,0, M,0, M,0,*7B,$GPGGA,151139.623,3554.7415,N,01430.4206,E,1,5,1,0.430638857142857, M,0, M,0,*6A,35.9123516666667,14.5070916666667,35.9123577921,14.5070100307,3,0.00,,3/28/2013 4:11:39 PM
$GPGGA,151140.637,3554.7411,N,01430.4255,E,1,5,1,0, M,0, M,0,*70,$GPGGA,151140.637,3554.7415,N,01430.4206,E,1,5,1,0.240356571428572, M,0, M,0,*67,35.9123516666667,14.5070916666667,35.9123586303,14.5070101449,3,0.00,,3/28/2013 4:11:40 PM
$GPGGA,151141.652,3554.7411,N,01430.4255,E,1,5,1,0, M,0, M,0,*72,$GPGGA,151141.652,3554.7415,N,01430.4206,E,1,5,1,0.390579428571427, M,0, M,0,*63,35.9123516666667,14.5070916666667,35.9123575761,14.5070098814,3,0.00,,3/28/2013 4:11:41 PM
$GPGGA,151142.666,3554.7411,N,01430.4255,E,1,5,1,0, M,0, M,0,*76,$GPGGA,151142.666,3554.7413,N,01430.4206,E,1,5,1,0.350519999999999, M,0, M,0,*6E,35.9123516666667,14.5070916666667,35.9123557859,14.5070096502,3,0.00,,3/28/2013 4:11:42 PM
$GPGGA,151143.680,3554.7411,N,01430.4255,E,1,5,1,0, M,0, M,0,*7F,$GPGGA,151143.680,3554.7412,N,01430.4206,E,1,5,1,0.267669818181817, M,0, M,0,*69,35.9123516666667,14.5070916666667,35.9123525186,14.5070104712,3,0.00,,3/28/2013 4:11:43 PM
$GPGGA,151144.694,3554.7411,N,01430.4255,E,1,5,1,0, M,0, M,0,*7D,$GPGGA,151144.694,3554.7412,N,01430.4207,E,1,5,1,0.399592799999999, M,0, M,0,*6D,35.9123516666667,14.5070916666667,35.9123534729,14.5070116564,3,0.00,,3/28/2013 4:11:44 PM
$GPGGA,151145.708,3554.7411,N,01430.4255,E,1,5,1,0, M,0, M,0,*78,$GPGGA,151145.708,3554.7415,N,01430.4207,E,1,5,1,0.420624, M,0, M,0,*53,35.9123516666667,14.5070916666667,35.9123576278,14.5070111029,3,0.00,,3/28/2013 4:11:45 PM
$GPGGA,151146.722,3554.7411,N,01430.4255,E,1,5,1,0, M,0, M,0,*73,$GPGGA,151146.722,3554.7417,N,01430.4207,E,1,5,1,0.430638857142857, M,0, M,0,*61,35.9123516666667,14.5070916666667,35.9123620083,14.5070115976,3,0.00,,3/28/2013 4:11:46 PM
$GPGGA,151147.736,3554.7411,N,01430.4255,E,1,5,1,0, M,0, M,0,*77,$GPGGA,151147.736,3554.7418,N,01430.4207,E,1,5,1,0.420624, M,0, M,0,*51,35.9123516666667,14.5070916666667,35.9123627542,14.5070117961,3,0.00,,3/28/2013 4:11:47 PM
$GPGGA,151148.750,3554.7411,N,01430.4255,E,1,5,1,0, M,0, M,0,*78,$GPGGA,151148.750,3554.7416,N,01430.4208,E,1,5,1,0.420624, M,0, M,0,*5F,35.9123516666667,14.5070916666667,35.9123593981,14.5070129747,3,0.00,,3/28/2013 4:11:48 PM
$GPGGA,151149.763,3554.7411,N,01430.4255,E,1,5,1,0, M,0, M,0,*79,$GPGGA,151149.763,3554.7417,N,01430.4208,E,1,5,1,0.430183636363636, M,0, M,0,*62,35.9123516666667,14.5070916666667,35.9123621171,14.5070137821,3,0.00,,3/28/2013 4:11:49 PM
$GPGGA,151150.777,3554.7411,N,01430.4255,E,1,5,1,0, M,0, M,0,*74,$GPGGA,151150.777,3554.7417,N,01430.4209,E,1,5,1,0.52077257142857, M,0, M,0,*5F,35.9123516666667,14.5070916666667,35.9123621333,14.5070151799,3,0.00,,3/28/2013 4:11:50 PM
$GPGGA,151151.791,3554.7411,N,01430.4255,E,1,5,1,0, M,0, M,0,*7D,$GPGGA,151151.791,3554.7417,N,01430.4209,E,1,5,1,0.420624, M,0, M,0,*5A,35.9123516666667,14.5070916666667,35.9123623013,14.5070150691,3,0.00,,3/28/2013 4:11:51 PM
$GPGGA,151152.805,3554.7411,N,01430.4255,E,1,5,1,0, M,0, M,0,*7C,$GPGGA,151152.805,3554.7417,N,01430.4209,E,1,5,1,0.470698285714286, M,0, M,0,*68,35.9123516666667,14.5070916666667,35.9123613261,14.50701578,3,0.00,,3/28/2013 4:11:52 PM
$GPGGA,151153.819,3554.7411,N,01430.4255,E,1,5,1,0, M,0, M,0,*70,$GPGGA,151153.819,3554.7415,N,01430.4209,E,1,5,1,0.570846857142857, M,0, M,0,*6C,35.9123516666667,14.5070916666667,35.9123587993,14.5070153516,3,0.00,,3/28/2013 4:11:53 PM
$GPGGA,151154.833,3554.7411,N,01430.4255,E,1,5,1,0, M,0, M,0,*7F,$GPGGA,151154.833,3554.7417,N,01430.4208,E,1,5,1,0.420624, M,0, M,0,*59,35.9123516666667,14.5070916666667,35.9123612555,14.5070128015,3,0.00,,3/28/2013 4:11:54 PM
$GPGGA,151155.847,3554.7411,N,01430.4255,E,1,5,1,0, M,0, M,0,*7D,$GPGGA,151155.847,3554.7416,N,01430.4208,E,1,5,1,0.400594285714285, M,0, M,0,*62,35.9123516666667,14.5070916666667,35.912360214,14.5070135358,3,0.00,,3/28/2013 4:11:55 PM
$GPGGA,151156.861,3554.7411,N,01430.4255,E,1,5,1,0, M,0, M,0,*7A,$GPGGA,151156.861,3554.7417,N,01430.4208,E,1,5,1,0.430638857142857, M,0, M,0,*67,35.9123516666667,14.5070916666667,35.9123622713,14.5070139098,3,0.00,,3/28/2013 4:11:56 PM
$GPGGA,151157.875,3554.7411,N,01430.4255,E,1,5,1,0, M,0, M,0,*7E,$GPGGA,151157.875,3554.7417,N,01430.4209,E,1,5,1,0.592697454545455, M,0, M,0,*6C,35.9123516666667,14.5070916666667,35.9123623094,14.5070148622,3,0.00,,3/28/2013 4:11:57 PM
$GPGGA,151158.890,3554.7411,N,01430.4255,E,1,5,1,0, M,0, M,0,*7A,$GPGGA,151158.890,3554.7418,N,01430.4210,E,1,5,1,0.580861714285713, M,0, M,0,*66,35.9123516666667,14.5070916666667,35.9123626857,14.5070160695,3,0.00,,3/28/2013 4:11:58 PM
$GPGGA,151159.904,3554.7411,N,01430.4255,E,1,5,1,0, M,0, M,0,*77,$GPGGA,151159.904,3554.7417,N,01430.4209,E,1,5,1,0.560831999999999, M,0, M,0,*66,35.9123516666667,14.5070916666667,35.9123622435,14.5070153875,3,0.00,,3/28/2013 4:11:59 PM
$GPGGA,151200.918,3554.7411,N,01430.4255,E,1,5,1,0, M,0, M,0,*75,$GPGGA,151200.918,3554.7417,N,01430.4208,E,1,5,1,0.500742857142856, M,0, M,0,*67,35.9123516666667,14.5070916666667,35.9123612753,14.5070135119,3,0.00,,3/28/2013 4:12:00 PM
$GPGGA,151201.932,3554.7411,N,01430.4255,E,1,5,1,0, M,0, M,0,*7C,$GPGGA,151201.932,3554.7417,N,01430.4206,E,1,5,1,0.400594285714285, M,0, M,0,*6C,35.9123516666667,14.5070916666667,35.9123609945,14.5070100878,3,0.00,,3/28/2013 4:12:01 PM
$GPGGA,151202.946,3554.7411,N,01430.4255,E,1,5,1,0, M,0, M,0,*7C,$GPGGA,151202.946,3554.7413,N,01430.4207,E,1,5,1,0.602257090909091, M,0, M,0,*62,35.9123516666667,14.5070916666667,35.9123548425,14.5070122945,3,0.00,,3/28/2013 4:12:02 PM
$GPGGA,151203.960,3554.7411,N,01430.4255,E,1,5,1,0, M,0, M,0,*79,$GPGGA,151203.960,3554.7415,N,01430.4207,E,1,5,1,0.799185599999999, M,0, M,0,*6A,35.9123516666667,14.5070916666667,35.912358533,14.507011033,3,0.00,,3/28/2013 4:12:03 PM
$GPGGA,151204.974,3554.7411,N,01430.4255,E,1,5,1,0, M,0, M,0,*7B,$GPGGA,151204.974,3554.7418,N,01430.4207,E,1,5,1,0.730557473684209, M,0, M,0,*69,35.9123516666667,14.5070916666667,35.9123626555,14.5070113528,3,0.00,,3/28/2013 4:12:04 PM
$GPGGA,151205.988,3554.7411,N,01430.4255,E,1,5,1,0, M,0, M,0,*79,$GPGGA,151205.988,3554.7416,N,01430.4206,E,1,5,1,0.664143157894736, M,0, M,0,*60,35.9123516666667,14.5070916666667,35.9123602501,14.507010371,3,0.00,,3/28/2013 4:12:05 PM
$GPGGA,151207.002,3554.7411,N,01430.4255,E,1,5,1,0, M,0, M,0,*70,$GPGGA,151207.002,3554.7414,N,01430.4207,E,1,5,1,0.763764631578946, M,0, M,0,*6E,35.9123516666667,14.5070916666667,35.9123564879,14.5070116969,3,0.00,,3/28/2013 4:12:07 PM
$GPGGA,151208.016,3554.7411,N,01430.4255,E,1,5,1,0, M,0, M,0,*7A,$GPGGA,151208.016,3554.7415,N,01430.4208,E,1,5,1,0.450668571428571, M,0, M,0,*6F,35.9123516666667,14.5070916666667,35.9123583367,14.5070126911,3,0.00,,3/28/2013 4:12:08 PM
$GPGGA,151209.029,3554.7411,N,01430.4255,E,1,5,1,0, M,0, M,0,*77,$GPGGA,151209.029,3554.7414,N,01430.4208,E,1,5,1,0.400594285714285, M,0, M,0,*6A,35.9123516666667,14.5070916666667,35.912356369,14.5070137369,3,0.00,,3/28/2013 4:12:09 PM
$GPGGA,151210.043,3554.7411,N,01430.4255,E,1,5,1,0, M,0, M,0,*73,$GPGGA,151210.043,3554.7415,N,01430.4209,E,1,5,1,0.320475428571428, M,0, M,0,*64,35.9123516666667,14.5070916666667,35.9123581666,14.5070147268,3,0.00,,3/28/2013 4:12:10 PM
$GPGGA,151211.057,3554.7411,N,01430.4255,E,1,5,1,0, M,0, M,0,*77,$GPGGA,151211.057,3554.7413,N,01430.4210,E,1,5,1,0.250371428571428, M,0, M,0,*6B,35.9123516666667,14.5070916666667,35.9123543929,14.507016231,3,0.00,,3/28/2013 4:12:11 PM
$GPGGA,151212.071,3554.7411,N,01430.4255,E,1,5,1,0, M,0, M,0,*70,$GPGGA,151212.071,3554.7413,N,01430.4210,E,1,5,1,0.280415999999999, M,0, M,0,*6E,35.9123516666667,14.5070916666667,35.9123550294,14.5070159836,3,0.00,,3/28/2013 4:12:12 PM
$GPGGA,151213.085,3554.7411,N,01430.4255,E,1,5,1,0, M,0, M,0,*7A,$GPGGA,151213.085,3554.7414,N,01430.4211,E,1,5,1,0.370549714285713, M,0, M,0,*65,35.9123516666667,14.5070916666667,35.9123573136,14.5070189052,3,0.00,,3/28/2013 4:12:13 PM
$GPGGA,151214.099,3554.7411,N,01430.4255,E,1,5,1,0, M,0, M,0,*70,$GPGGA,151214.099,3554.7414,N,01430.4246,E,1,5,1,0.240356571428572, M,0, M,0,*62,35.9123516666667,14.5070916666667,35.9123573616,14.5070770818,2,0.00,,3/28/2013 4:12:14 PM
$GPGGA,151215.113,3554.7411,N,01430.4255,E,1,5,1,0, M,0, M,0,*72,$GPGGA,151215.113,3554.7414,N,01430.4246,E,1,5,1,0.413371862068965, M,0, M,0,*60,35.9123516666667,14.5070916666667,35.9123564693,14.5070765209,2,0.00,,3/28/2013 4:12:15 PM
$GPGGA,151216.128,3554.7411,N,01430.4255,E,1,5,1,0, M,0, M,0,*79,$GPGGA,151216.128,3554.7413,N,01430.4246,E,1,5,1,0.413371862068965, M,0, M,0,*6C,35.9123516666667,14.5070916666667,35.912355741,14.5070762063,2,0.00,,3/28/2013 4:12:16 PM
$GPGGA,151217.142,3554.7411,N,01430.4255,E,1,5,1,0, M,0, M,0,*74,$GPGGA,151217.142,3554.7414,N,01430.4246,E,1,5,1,0.413371862068965, M,0, M,0,*66,35.9123516666667,14.5070916666667,35.9123562112,14.5070764268,2,0.00,,3/28/2013 4:12:17 PM
$GPGGA,151218.156,3554.7411,N,01430.4255,E,1,5,1,0, M,0, M,0,*7E,$GPGGA,151218.156,3554.7414,N,01430.4246,E,1,5,1,0.474898064516128, M,0, M,0,*62,35.9123516666667,14.5070916666667,35.9123567138,14.5070768374,2,0.00,,3/28/2013 4:12:18 PM
$GPGGA,151219.170,3554.7411,N,01430.4255,E,1,5,1,0, M,0, M,0,*7B,$GPGGA,151219.170,3554.7414,N,01430.4246,E,1,5,1,0.61121925, M,0, M,0,*59,35.9123516666667,14.5070916666667,35.9123567138,14.5070768967,2,0.00,,3/28/2013 4:12:19 PM
$GPGGA,151220.184,3554.7411,N,01430.4255,E,1,5,1,0, M,0, M,0,*7A,$GPGGA,151220.184,3554.7414,N,01430.4246,E,1,5,1,0.630935999999999, M,0, M,0,*60,35.9123516666667,14.5070916666667,35.9123561668,14.5070766712,2,0.00,,3/28/2013 4:12:20 PM
$GPGGA,151221.199,3554.7411,N,01430.4255,E,1,5,1,0, M,0, M,0,*77,$GPGGA,151221.199,3554.7414,N,01430.4246,E,1,5,1,0.808386749999999, M,0, M,0,*69,35.9123516666667,14.5070916666667,35.912356019,14.5070766112,2,0.00,,3/28/2013 4:12:21 PM
$GPGGA,151222.212,3554.7411,N,01430.4255,E,1,5,1,0, M,0, M,0,*74,$GPGGA,151222.212,3554.7414,N,01430.4246,E,1,5,1,0.841247999999999, M,0, M,0,*68,35.9123516666667,14.5070916666667,35.9123566142,14.5070766487,2,0.00,,3/28/2013 4:12:22 PM
$GPGGA,151223.226,3554.7411,N,01430.4255,E,1,5,1,0, M,0, M,0,*72,$GPGGA,151223.226,3554.7413,N,01430.4246,E,1,5,1,0.841247999999999, M,0, M,0,*69,35.9123516666667,14.5070916666667,35.9123556678,14.5070764109,2,0.00,,3/28/2013 4:12:23 PM
$GPGGA,151224.240,3554.7411,N,01430.4255,E,1,5,1,0, M,0, M,0,*75,$GPGGA,151224.240,3554.7413,N,01430.4246,E,1,5,1,0.998981999999999, M,0, M,0,*6A,35.9123516666667,14.5070916666667,35.9123547038,14.5070773704,2,0.00,,3/28/2013 4:12:24 PM
$GPGGA,151225.254,3554.7411,N,01430.4255,E,1,5,1,0, M,0, M,0,*71,$GPGGA,151225.254,3554.7413,N,01430.4246,E,1,5,1,1.07127675, M,0, M,0,*59,35.9123516666667,14.5070916666667,35.9123549965,14.5070766263,2,0.00,,3/28/2013 4:12:25 PM
$GPGGA,151226.268,3554.7411,N,01430.4255,E,1,5,1,0, M,0, M,0,*7D,$GPGGA,151226.268,3554.7412,N,01430.4246,E,1,5,1,1.26844425, M,0, M,0,*5C,35.9123516666667,14.5070916666667,35.9123538081,14.5070771783,2,0.00,,3/28/2013 4:12:26 PM
$GPGGA,151227.282,3554.7411,N,01430.4255,E,1,5,1,0, M,0, M,0,*78,$GPGGA,151227.282,3554.7412,N,01430.4247,E,1,5,1,1.53133425, M,0, M,0,*53,35.9123516666667,14.5070916666667,35.9123539428,14.5070775791,2,0.00,,3/28/2013 4:12:27 PM
$GPGGA,151228.296,3554.7411,N,01430.4255,E,1,5,1,0, M,0, M,0,*72,$GPGGA,151228.296,3554.7413,N,01430.4247,E,1,5,1,1.67592375, M,0, M,0,*52,35.9123516666667,14.5070916666667,35.9123545489,14.5070780836,2,0.00,,3/28/2013 4:12:28 PM
$GPGGA,151229.310,3554.7411,N,01430.4255,E,1,5,1,0, M,0, M,0,*7C,$GPGGA,151229.310,3554.7412,N,01430.4248,E,1,5,1,1.682496, M,0, M,0,*5B,35.9123516666667,14.5070916666667,35.9123533994,14.5070804269,2,0.00,,3/28/2013 4:12:29 PM
$GPGGA,151230.323,3554.7411,N,01430.4255,E,1,5,1,0, M,0, M,0,*74,$GPGGA,151230.323,3554.7412,N,01430.4248,E,1,5,1,1.68906825, M,0, M,0,*5A,35.9123516666667,14.5070916666667,35.9123533773,14.507080135,2,0.00,,3/28/2013 4:12:30 PM
$GPGGA,151231.338,3554.7411,N,01430.4255,E,1,5,1,0, M,0, M,0,*7F,$GPGGA,151231.338,3554.7412,N,01430.4250,E,1,5,1,1.68906825, M,0, M,0,*58,35.9123516666667,14.5070916666667,35.912354097,14.5070829147,2,0.00,,3/28/2013 4:12:31 PM
$GPGGA,151232.351,3554.7411,N,01430.4255,E,1,5,1,0, M,0, M,0,*73,$GPGGA,151232.351,3554.7411,N,01430.4250,E,1,5,1,1.682496, M,0, M,0,*5E,35.9123516666667,14.5070916666667,35.912352194,14.5070829799,2,0.00,,3/28/2013 4:12:32 PM
$GPGGA,151233.365,3554.7411,N,01430.4255,E,1,5,1,0, M,0, M,0,*75,$GPGGA,151233.365,3554.7412,N,01430.4252,E,1,5,1,1.68906825, M,0, M,0,*50,35.9123516666667,14.5070916666667,35.9123535513,14.5070859803,2,0.00,,3/28/2013 4:12:33 PM
$GPGGA,151234.380,3554.7411,N,01430.4255,E,1,5,1,0, M,0, M,0,*79,$GPGGA,151234.380,3554.7413,N,01430.4253,E,1,5,1,1.682496, M,0, M,0,*55,35.9123516666667,14.5070916666667,35.9123552099,14.5070880678,2,0.00,,3/28/2013 4:12:34 PM
$GPGGA,151235.394,3554.7411,N,01430.4255,E,1,5,1,0, M,0, M,0,*7D,$GPGGA,151235.394,3554.7413,N,01430.4255,E,1,5,1,1.68906825, M,0, M,0,*5E,35.9123516666667,14.5070916666667,35.9123558258,14.5070910537,2,0.00,,3/28/2013 4:12:35 PM
$GPGGA,151236.408,3554.7411,N,01430.4255,E,1,5,1,0, M,0, M,0,*7C,$GPGGA,151236.408,3554.7413,N,01430.4256,E,1,5,1,1.68906825, M,0, M,0,*5C,35.9123516666667,14.5070916666667,35.9123555135,14.5070938699,2,0.00,,3/28/2013 4:12:36 PM
$GPGGA,151237.422,3554.7411,N,01430.4255,E,1,5,1,0, M,0, M,0,*75,$GPGGA,151237.422,3554.7413,N,01430.4258,E,1,5,1,1.682496, M,0, M,0,*52,35.9123516666667,14.5070916666667,35.9123546076,14.5070959566,2,0.00,,3/28/2013 4:12:37 PM
